all_mean	week_mean
4.114713216957606	4.071428571428571
3.5725490196078433	3.7580645161290325
3.0673400673400675	3.0223880597014925
3.948529411764706	4.212121212121212
2.96	2.935233160621762
3.5833333333333335	3.5
4.199430199430199	4.146788990825688
3.068561872909699	2.6202531645569622
3.712962962962963	4.0
3.4285714285714284	4.111111111111111
4.347107438016529	4.375
3.364705882352941	3.3076923076923075
4.046511627906977	3.8333333333333335
4.005714285714285	4.222222222222222
4.172413793103448	3.4347826086956523
4.016949152542373	3.6
3.1025641025641026	3.3
4.3125	4.2105263157894735
3.511111111111111	3.5
2.7581395348837208	2.8716216216216215
3.2149532710280373	3.4285714285714284
3.128787878787879	2.7027027027027026
3.347826086956522	3.6333333333333333
3.5428571428571427	3.7142857142857144
3.619047619047619	3.3076923076923075
3.401315789473684	3.232727272727273
4.173913043478261	4.363636363636363
3.8448275862068964	3.608695652173913
3.3966101694915256	3.0
3.074074074074074	3.0
3.8181818181818183	4.5
3.9408783783783785	4.061538461538461
4.021551724137931	4.149122807017544
3.653927813163482	3.763157894736842
3.5	3.6666666666666665
2.1828793774319064	2.1964285714285716
3.6878048780487807	4.666666666666667
3.5670289855072466	2.8484848484848486
3.9679144385026737	3.873873873873874
4.083333333333333	3.6666666666666665
4.083932853717027	3.980952380952381
3.3333333333333335	3.36
3.0914285714285716	3.1894484412470026
3.677685950413223	3.82
3.889294403892944	4.049056603773585
3.7493403693931397	3.75
3.954022988505747	3.973684210526316
3.652173913043478	3.5428571428571427
3.8545454545454545	3.2857142857142856
4.215686274509804	4.0
4.22680412371134	4.857142857142857
4.086363636363636	3.68
3.4036144578313254	3.393939393939394
4.140845070422535	4.578947368421052
3.2051282051282053	3.0
4.0359712230215825	4.097560975609756
3.2460567823343847	3.3333333333333335
4.163461538461538	3.8333333333333335
2.8692893401015227	3.0454545454545454
3.861244019138756	3.857142857142857
3.937823834196891	4.0
3.385996409335727	3.38
4.040650406504065	4.0
3.696245733788396	3.7341772151898733
3.263522884882108	3.2920353982300883
4.45	4.3478260869565215
3.3350923482849604	3.3106508875739644
2.7264397905759163	2.7494199535962878
3.7654109589041096	3.962962962962963
4.2835820895522385	4.277777777777778
3.665745856353591	3.698492462311558
4.047138047138047	3.972413793103448
3.25	3.2884615384615383
3.7572815533980584	3.814814814814815
3.4463007159904535	3.3259911894273126
3.3404255319148937	3.3095238095238093
3.78125	3.0
4.111111111111111	4.022471910112359
3.676470588235294	4.25
3.8035714285714284	3.8
3.795918367346939	3.696969696969697
3.280314960629921	3.3333333333333335
4.401260504201681	3.8333333333333335
3.297872340425532	3.5714285714285716
3.735725938009788	4.043478260869565
3.528239202657807	3.5714285714285716
3.902173913043478	3.625
4.511961722488039	4.5
3.66497461928934	4.243243243243243
3.218045112781955	3.7777777777777777
3.7130801687763713	3.3535353535353534
3.536723163841808	3.5945945945945947
3.869565217391304	3.870967741935484
3.34	3.75
4.294117647058823	4.222222222222222
3.9363057324840764	3.75
3.3551724137931034	3.2652582159624415
3.7569444444444446	1.6111111111111112
3.0077922077922077	2.6470588235294117
3.652173913043478	3.6842105263157894
4.03030303030303	3.4545454545454546
3.9393939393939394	3.976470588235294
4.127659574468085	4.178082191780822
4.226744186046512	4.338582677165355
3.6801075268817205	3.601123595505618
4.254237288135593	4.2298850574712645
3.5813953488372094	3.6
4.3107344632768365	4.39
3.705	3.70404984423676
4.008264462809917	3.914285714285714
4.4772727272727275	4.605263157894737
3.8031496062992125	3.7975206611570247
3.103896103896104	3.3333333333333335
3.7231638418079096	3.57
3.8700564971751414	3.933333333333333
3.0935672514619883	2.87
4.2592592592592595	4.333333333333333
3.6776776776776776	3.3125
4.174757281553398	4.141025641025641
3.8240887480190175	3.854961832061069
3.8857142857142857	2.1
3.802992518703242	3.757575757575758
3.551851851851852	3.378205128205128
3.6153846153846154	3.3333333333333335
3.4271186440677965	3.6088709677419355
4.0	4.222222222222222
4.1635071090047395	4.06
4.198979591836735	3.8846153846153846
3.551051051051051	3.5235732009925558
3.6987951807228914	3.7701149425287355
3.5668202764976957	3.423076923076923
3.38255033557047	3.5306122448979593
2.64	4.333333333333333
2.634433962264151	2.5
3.3246187363834423	3.3333333333333335
4.321428571428571	4.28
2.8291015625	3.0
3.7752293577981653	3.9661016949152543
4.0	4.041666666666667
2.935441370223979	3.191780821917808
3.2142857142857144	3.0
3.58974358974359	3.8666666666666667
3.966463414634146	4.173913043478261
3.442953020134228	3.52
2.9717391304347824	3.3333333333333335
4.184615384615385	4.666666666666667
3.7226027397260273	3.6666666666666665
4.090909090909091	4.5
3.988372093023256	3.871794871794872
3.91699604743083	3.8333333333333335
3.4126984126984126	3.2505219206680587
3.490566037735849	3.2666666666666666
4.050724637681159	3.9411764705882355
3.5154394299287413	3.474934036939314
3.635514018691589	3.8545454545454545
3.8430232558139537	3.9285714285714284
2.9354485776805253	2.7491803278688525
4.01010101010101	4.068965517241379
2.8405797101449277	2.838418862690707
3.969298245614035	3.5675675675675675
4.442857142857143	4.366666666666666
3.5566502463054186	3.5502958579881656
3.3008130081300813	3.316901408450704
3.9014084507042255	4.310344827586207
3.8685714285714288	3.9482758620689653
3.2888888888888888	3.238095238095238
3.6962025316455698	3.707792207792208
3.6816901408450704	3.7788461538461537
3.0510204081632653	3.051948051948052
2.9859437751004014	2.985611510791367
3.4896907216494846	3.403755868544601
3.5113636363636362	3.76
3.7327586206896552	3.7244094488188977
4.296296296296297	4.324324324324325
3.7408123791102517	3.7421875
3.9295392953929538	4.101522842639594
4.6878306878306875	4.646017699115045
4.271341463414634	4.063157894736842
3.1493624772313296	3.23728813559322
3.3963133640552994	3.4123222748815167
3.25990099009901	3.4131944444444446
3.7625	3.6451612903225805
4.04054054054054	4.1875
3.2222222222222223	2.9125
3.3303964757709252	3.176470588235294
3.5417867435158503	3.624390243902439
4.017045454545454	4.036363636363636
3.8493150684931505	3.9130434782608696
3.549019607843137	3.4339622641509435
4.153846153846154	4.142857142857143
3.935810810810811	3.736842105263158
3.933333333333333	4.125
4.118518518518519	4.125
3.6525198938992043	3.1333333333333333
4.136363636363637	4.204081632653061
4.141304347826087	3.3333333333333335
2.4750996015936253	2.3825
3.7262830482115086	3.619158878504673
3.0107758620689653	1.7833333333333334
3.9886363636363638	3.962962962962963
3.1953125	3.178343949044586
3.483679525222552	3.466666666666667
4.317647058823529	4.1
3.9166666666666665	3.9375
3.4663573085846866	3.3883248730964466
3.795518207282913	4.380952380952381
2.888888888888889	2.9642857142857144
4.18	3.911764705882353
3.7336683417085426	3.566666666666667
4.146551724137931	4.238095238095238
3.4479166666666665	3.3333333333333335
3.8621794871794872	3.3333333333333335
3.3375850340136055	3.2283737024221453
4.0588235294117645	4.155555555555556
3.324324324324324	2.9696969696969697
3.9749216300940438	4.074074074074074
3.764625850340136	3.8
3.222413793103448	3.056338028169014
3.386904761904762	3.6666666666666665
3.74468085106383	3.3333333333333335
3.9065934065934065	4.0
3.3090128755364807	2.5789473684210527
3.3726235741444865	3.8333333333333335
2.5906298003072195	2.5957943925233646
3.441048034934498	3.391304347826087
3.574468085106383	3.515151515151515
2.815910585141354	2.7766990291262137
3.357142857142857	2.3333333333333335
4.296116504854369	4.2
3.3870967741935485	3.3076923076923075
3.325115562403698	3.3168316831683167
3.71875	3.5
3.656862745098039	4.111111111111111
3.5757575757575757	3.557377049180328
3.5365384615384614	2.8222222222222224
3.707152496626181	3.5739299610894943
2.394822006472492	3.4
3.863979848866499	4.2
4.046712802768166	3.8634538152610443
4.035714285714286	3.5
3.7768924302788847	3.533333333333333
4.247422680412371	4.666666666666667
3.6396103896103895	3.5
3.56993006993007	3.1379310344827585
4.02542372881356	3.6578947368421053
3.36734693877551	3.4047619047619047
3.7487179487179487	3.6666666666666665
3.586497890295359	3.4285714285714284
3.183673469387755	2.6029411764705883
3.3415977961432506	3.238095238095238
4.257425742574258	3.4444444444444446
3.4220907297830374	3.5
3.9064685314685317	4.076190476190476
3.9468085106382977	3.3333333333333335
3.774410774410774	3.6
4.266666666666667	4.2631578947368425
3.3205317577548006	3.016949152542373
4.1475054229934925	4.098712446351931
4.505376344086022	4.291666666666667
3.6620775969962454	3.7366946778711485
3.507042253521127	3.6923076923076925
2.1627329192546583	1.7736625514403292
4.415770609318996	4.434210526315789
3.778481012658228	3.819277108433735
3.7985611510791366	3.5
3.5759493670886076	3.3157894736842106
3.404970760233918	3.3858267716535435
4.169811320754717	4.333333333333333
3.4474885844748857	3.4295774647887325
3.782178217821782	3.8727272727272726
3.316205533596838	3.55
4.138888888888889	4.315789473684211
3.329683698296837	2.8907563025210083
3.951219512195122	4.25
3.838187702265372	3.8225806451612905
3.826923076923077	3.511627906976744
3.8324324324324324	3.972972972972973
3.5454545454545454	3.6470588235294117
3.758974358974359	3.9545454545454546
3.647814910025707	3.6016260162601625
3.2383838383838386	2.6986301369863015
2.8061142397425582	3.0
3.8974700399467377	3.9411764705882355
3.2295081967213113	3.210526315789474
2.443762781186094	1.8395061728395061
3.2490118577075098	2.9767441860465116
3.8275862068965516	3.0
3.9384615384615387	4.25
3.9043478260869566	4.25
3.399267399267399	3.2777777777777777
3.738993710691824	3.7152317880794703
3.8095238095238093	3.62
3.7351778656126484	3.404255319148936
4.423076923076923	4.55
3.754385964912281	3.6875
3.9397590361445785	4.0476190476190474
3.208695652173913	3.9696969696969697
3.4939024390243905	3.5288461538461537
4.0062111801242235	4.012658227848101
3.4496732026143793	3.4195804195804196
3.3253796095444685	3.41025641025641
3.332129963898917	3.0344827586206895
3.727891156462585	3.7153284671532845
3.5565217391304347	3.347826086956522
3.3018181818181818	3.4347826086956523
3.3122406639004147	3.2222222222222223
3.573741007194245	3.2459016393442623
3.005714285714286	3.4545454545454546
3.745011086474501	3.876543209876543
3.780580075662043	3.985294117647059
4.205128205128205	4.0
3.658802177858439	3.4585365853658536
4.061302681992337	4.25
3.2301587301587302	3.2268041237113403
3.8620689655172415	3.857142857142857
3.208849557522124	3.172
3.9310344827586206	3.7986577181208054
4.313218390804598	4.392156862745098
3.5543478260869565	3.7357859531772575
3.6582278481012658	3.2413793103448274
3.512720156555773	3.1865671641791047
3.8160377358490565	3.2777777777777777
3.671232876712329	3.8846153846153846
4.10062893081761	4.042735042735043
3.086206896551724	2.9069767441860463
3.5280095351609058	3.720754716981132
3.410322580645161	3.0350877192982457
3.769230769230769	4.2
3.4906621392190154	3.3164556962025316
3.834101382488479	3.827319587628866
3.5706521739130435	4.4523809523809526
3.2748815165876777	3.4516129032258065
3.54029304029304	3.3823529411764706
3.295302013422819	3.303448275862069
2.9626623376623376	2.8424657534246576
2.4282560706401766	2.75
3.5970149253731343	3.6315789473684212
3.7765042979942693	3.0875912408759123
4.092307692307692	3.85
4.129032258064516	4.004016064257028
2.6984126984126986	2.7583333333333333
3.9591836734693877	4.0
3.310580204778157	3.1675977653631286
3.5808383233532934	3.9545454545454546
4.093525179856115	4.25
3.48989898989899	2.9743589743589745
3.6153846153846154	3.725
3.6506024096385543	2.5
3.931558935361217	4.230769230769231
3.780269058295964	3.2
3.867043847241867	3.989847715736041
3.269230769230769	3.243006993006993
4.14975845410628	4.261682242990654
3.710806697108067	3.769230769230769
2.487856388595565	2.4915254237288136
3.8969072164948453	3.7183098591549295
3.3860232945091515	3.3155080213903743
3.456876456876457	3.507936507936508
3.6459016393442623	3.391304347826087
3.839622641509434	3.827272727272727
3.1666666666666665	2.9285714285714284
3.0545454545454547	2.7204301075268815
3.6205882352941177	3.541899441340782
3.858974358974359	4.0
3.49003984063745	3.347826086956522
3.933774834437086	4.071428571428571
3.2746478873239435	3.12
2.6679174484052535	2.375
3.816247582205029	3.4805194805194803
3.7644787644787643	4.4
3.4675324675324677	2.9661016949152543
3.1142857142857143	3.0
3.4825396825396826	3.4214285714285713
3.425806451612903	3.6511627906976742
4.142857142857143	3.6363636363636362
3.5230524642289347	3.6568047337278107
3.895348837209302	4.0
3.8707865168539324	3.6914893617021276
3.8160919540229883	3.760869565217391
3.7857142857142856	3.72
3.5918367346938775	3.5
4.1017964071856285	4.305555555555555
4.344262295081967	4.327272727272727
3.9	3.918918918918919
2.4583901773533423	2.5431309904153356
3.838056680161943	3.859259259259259
2.8052373158756136	3.0517241379310347
3.1273532668881505	3.1244239631336406
3.990990990990991	3.926605504587156
3.941834451901566	4.153024911032029
3.5588235294117645	3.533333333333333
3.5307855626326963	3.543909348441926
3.8523489932885906	3.5588235294117645
3.829896907216495	3.8125
3.923076923076923	4.184931506849315
3.541284403669725	3.574626865671642
3.1629955947136565	3.154320987654321
3.984536082474227	4.276315789473684
3.56	3.5813953488372094
3.5485611510791366	3.6443661971830985
3.1358490566037736	3.135135135135135
3.588235294117647	3.550632911392405
3.896153846153846	3.765625
4.09765625	4.204545454545454
3.8615384615384616	3.933333333333333
3.549407114624506	3.4285714285714284
3.1187739463601534	3.396039603960396
2.945578231292517	2.948912015137181
4.413461538461538	4.413333333333333
3.407563025210084	3.4936708860759493
3.696124031007752	3.68640350877193
3.4819277108433737	3.3793103448275863
3.2309941520467835	3.2251552795031055
3.735294117647059	3.8026315789473686
3.46875	3.586206896551724
4.338028169014085	4.326923076923077
3.9483870967741934	4.175438596491228
3.7473684210526317	3.8507462686567164
3.7729257641921397	4.4
3.5665294924554183	3.748015873015873
4.056338028169014	4.166666666666667
3.293103448275862	3.5454545454545454
3.865168539325843	4.0
3.2224371373307545	3.3036144578313253
2.2455555555555557	2.6901408450704225
2.897196261682243	2.8938172043010755
3.6733333333333333	3.6814159292035398
3.5550978372811533	3.5487603305785123
4.505747126436781	4.2727272727272725
3.539325842696629	3.3636363636363638
3.451219512195122	3.566666666666667
3.6201923076923075	3.482142857142857
3.873362445414847	4.079136690647482
3.2083333333333335	3.5
3.2717086834733893	3.47244094488189
3.370716510903427	3.390334572490706
3.125	3.0654205607476634
3.6176470588235294	4.090909090909091
3.8526912181303117	3.928802588996764
3.9395604395604398	3.9273743016759775
4.093333333333334	4.094594594594595
3.9424657534246577	4.103448275862069
3.059866962305987	3.053932584269663
4.217877094972067	4.551724137931035
4.287356321839081	4.315151515151515
3.33224043715847	3.2519788918205803
4.276450511945392	3.8333333333333335
3.05679012345679	3.0241286863270775
3.4147286821705425	3.22279792746114
3.509433962264151	3.529182879377432
3.689655172413793	4.0
3.641025641025641	3.7777777777777777
3.506849315068493	3.406015037593985
3.338345864661654	3.574468085106383
4.050314465408805	4.024193548387097
4.092436974789916	4.26530612244898
3.6536144578313254	3.704
3.6744186046511627	3.93859649122807
3.922178988326848	4.01063829787234
3.6685714285714286	3.7552447552447554
3.446927374301676	3.398671096345515
3.4466019417475726	3.4404761904761907
4.112462006079028	4.24537037037037
3.921259842519685	3.9456521739130435
4.105263157894737	4.05
4.026595744680851	3.909090909090909
4.409090909090909	4.470588235294118
4.1688311688311686	4.217391304347826
3.722794959908362	3.633093525179856
4.386206896551724	4.568965517241379
3.9084967320261437	4.068965517241379
3.6728624535315983	3.763779527559055
3.7096774193548385	3.4473684210526314
4.360902255639098	4.076923076923077
3.8181818181818183	3.88
3.6271186440677967	3.5652173913043477
3.5945945945945947	3.9473684210526314
3.7346938775510203	3.5
4.092105263157895	4.233333333333333
4.352112676056338	4.444444444444445
3.3684210526315788	3.2857142857142856
3.3817733990147785	3.6666666666666665
3.864406779661017	3.566666666666667
4.059210526315789	4.0
3.8805970149253732	3.6
3.496932515337423	3.408906882591093
4.1594827586206895	4.222222222222222
3.6666666666666665	3.5714285714285716
3.702127659574468	4.25
3.327651515151515	3.25
3.292517006802721	4.0
3.936	3.6153846153846154
3.575	3.6
3.342857142857143	3.350515463917526
3.869358669833729	2.0
3.534181240063593	3.119047619047619
3.7403846153846154	3.5
3.5354330708661417	3.5172413793103448
3.6	2.888888888888889
3.5505226480836236	3.4722222222222223
3.397984886649874	3.3442622950819674
3.9058823529411764	4.5
3.558139534883721	3.369565217391304
3.9441210710128054	3.757575757575758
4.534883720930233	4.416666666666667
4.206896551724138	3.7
4.419354838709677	4.538461538461538
4.104166666666667	4.375
3.2419354838709675	3.6666666666666665
3.6933497536945814	3.7093791281373845
3.689986282578875	3.8519269776876266
4.098039215686274	4.0
4.143884892086331	4.252631578947368
3.6486486486486487	3.5172413793103448
3.3636363636363638	3.2760416666666665
4.606060606060606	4.125
4.052109181141439	3.9096774193548387
4.341389728096677	4.355029585798817
3.7	4.0
3.2016806722689077	3.264516129032258
3.6334841628959276	3.6838235294117645
4.536764705882353	4.5
3.106382978723404	3.2222222222222223
4.306930693069307	3.5833333333333335
2.984126984126984	3.5846153846153848
4.147058823529412	4.545454545454546
3.7936507936507935	3.764705882352941
3.103646833013436	2.7339449541284404
4.09748427672956	3.5625
3.915492957746479	3.0
3.94392523364486	4.0
3.6858974358974357	3.72972972972973
3.072463768115942	3.2942528735632184
3.747826086956522	3.775
3.5531914893617023	3.4864864864864864
4.36964980544747	4.381889763779528
3.5251141552511416	3.5053763440860215
3.466666666666667	3.4491525423728815
4.4896265560165975	4.49009900990099
4.16	4.148148148148148
3.3877551020408165	3.3842364532019706
3.871794871794872	3.4
3.8097560975609754	3.75
3.702970297029703	3.789473684210526
2.708588957055215	2.727272727272727
4.102941176470588	4.25
4.186440677966102	4.9
4.137254901960785	3.5
4.379310344827586	4.6521739130434785
4.235849056603773	4.242424242424242
4.069620253164557	3.8
2.50990099009901	3.0
3.6	3.3902439024390243
3.7927927927927927	3.7422680412371134
3.391044776119403	3.5785953177257523
4.115107913669065	4.243589743589744
4.339449541284404	4.617283950617284
3.4688279301745637	3.657992565055762
4.047058823529412	4.041916167664671
3.690909090909091	3.5625
3.9274193548387095	4.138297872340425
3.609848484848485	3.5789473684210527
4.017241379310345	4.75
2.942857142857143	2.58974358974359
4.170786516853933	4.180327868852459
2.7146464646464645	2.593525179856115
4.195488721804511	3.4
3.612565445026178	3.5813953488372094
3.7423167848699763	3.8333333333333335
3.5665236051502145	3.4767441860465116
3.614388489208633	3.304054054054054
3.4395604395604398	3.4669421487603307
3.8160919540229883	3.883116883116883
4.09375	4.0864864864864865
3.52027027027027	3.6488372093023256
3.81025641025641	4.193548387096774
3.6881720430107525	3.0625
3.7387914230019494	3.2857142857142856
3.871559633027523	3.9344262295081966
4.089041095890411	3.6363636363636362
3.8627450980392157	3.4285714285714284
3.6984126984126986	3.6153846153846154
3.293286219081272	3.2475247524752477
3.5594405594405596	5.0
3.634920634920635	3.3636363636363638
3.6098191214470283	3.5925925925925926
3.84	3.9523809523809526
3.283625730994152	3.2827380952380953
3.6339285714285716	3.6359447004608296
3.782258064516129	3.5783132530120483
4.218390804597701	3.8181818181818183
2.839479392624729	2.664804469273743
4.208333333333333	4.28
3.7126436781609193	3.923076923076923
3.5955882352941178	3.6134453781512605
3.532608695652174	3.6666666666666665
3.433333333333333	3.6
3.742857142857143	1.6
3.9655172413793105	3.9732142857142856
3.146750524109015	3.1588785046728973
2.5062111801242235	2.327272727272727
3.570588235294118	3.40625
3.4285714285714284	3.1785714285714284
3.2845303867403315	3.5714285714285716
3.7	4.2
3.914586070959264	3.9171122994652405
3.904	3.923404255319149
4.525862068965517	4.552083333333333
4.0423728813559325	4.033333333333333
3.481132075471698	2.5
3.264705882352941	3.0816326530612246
3.5076045627376424	3.15
3.5121951219512195	3.4975124378109452
3.7943262411347516	3.7857142857142856
2.883720930232558	2.9375
4.302816901408451	4.404040404040404
4.0625	4.0
3.883720930232558	3.6818181818181817
3.88021778584392	3.909090909090909
4.170731707317073	3.75
3.919191919191919	3.867219917012448
4.339622641509434	4.5
3.634920634920635	4.125
4.161764705882353	4.1875
3.3896713615023475	3.4
3.68	4.0
3.4166666666666665	3.8181818181818183
3.7288135593220337	3.0
3.5236593059936907	3.3333333333333335
3.3506493506493507	3.6818181818181817
4.097560975609756	4.119658119658119
3.9009287925696596	3.593220338983051
3.761904761904762	3.393939393939394
3.40625	3.2
3.918918918918919	3.75
4.033613445378151	3.888888888888889
3.9324009324009324	4.5
3.5833333333333335	3.8421052631578947
2.75	2.125
3.0782747603833864	2.4285714285714284
3.182857142857143	3.5444444444444443
3.5	4.0
3.232786885245902	3.176470588235294
3.7861635220125787	3.802919708029197
4.082959641255606	4.0683060109289615
4.049382716049383	3.901098901098901
4.5369127516778525	4.584158415841584
3.7464788732394365	3.9047619047619047
3.7928251121076233	3.732051282051282
3.4030612244897958	3.3333333333333335
4.086956521739131	4.0625
3.3701298701298703	3.25
3.856287425149701	3.8412698412698414
3.3626373626373627	3.0
3.8656716417910446	4.0
3.869565217391304	3.902439024390244
3.419457735247209	2.7475728155339807
4.021299254526092	3.8846153846153846
3.9640883977900554	3.1
3.696774193548387	3.310344827586207
2.7782608695652176	2.7717546362339514
3.001503759398496	3.132686084142395
3.613107822410148	3.723404255319149
3.1270125223613596	3.2505910165484635
3.8412698412698414	3.975
3.505586592178771	3.7455197132616487
3.6142857142857143	3.4625
3.127450980392157	2.8529411764705883
3.53125	2.9047619047619047
2.7481259370314843	2.6501457725947524
3.957983193277311	3.7777777777777777
3.5371900826446283	3.552
3.740740740740741	3.8181818181818183
4.261971830985916	4.475
3.6391752577319587	3.4642857142857144
3.578723404255319	3.7777777777777777
3.3795620437956204	3.9375
4.187192118226601	3.2222222222222223
3.7203947368421053	3.5714285714285716
2.95221027479092	2.7282913165266107
3.7672413793103448	3.727272727272727
4.204545454545454	4.444444444444445
3.217510259917921	3.3699421965317917
2.7321937321937324	2.992857142857143
4.156996587030717	3.7804878048780486
4.110236220472441	4.046511627906977
4.097643097643098	4.233333333333333
4.0120481927710845	3.5555555555555554
3.578723404255319	3.576017130620985
3.7914691943127963	3.7928994082840237
4.3545454545454545	4.0
3.943217665615142	3.9017543859649124
3.5386178861788617	3.5223880597014925
4.0	4.125
3.41871921182266	3.4143920595533497
3.8253968253968256	3.902439024390244
3.799019607843137	3.90625
4.5	4.478260869565218
2.90625	3.0081632653061225
3.37123745819398	3.230769230769231
3.5027624309392267	3.0
3.51875	3.5714285714285716
3.793103448275862	3.72
3.295169946332737	3.3333333333333335
3.6172506738544477	3.5434782608695654
3.1650485436893203	2.9878345498783454
3.017684887459807	2.525469168900804
3.9785714285714286	3.75
3.809379727685325	4.270833333333333
4.093877551020408	4.055555555555555
3.5233644859813085	3.6666666666666665
3.62	3.764705882352941
3.2611050920910074	2.92
2.977722772277228	3.4565217391304346
3.584352078239609	3.9545454545454546
3.7908366533864544	3.4166666666666665
3.045045045045045	2.8703703703703702
3.709342560553633	3.28125
3.5751633986928106	3.0892857142857144
2.8399168399168397	2.7
4.233766233766234	4.2
3.8596491228070176	3.8425925925925926
4.110576923076923	3.95
3.392682926829268	3.5384615384615383
3.5359116022099446	3.0
3.5126050420168067	3.5833333333333335
3.864795918367347	3.863768115942029
3.976833976833977	3.98989898989899
3.38506588579795	3.37360594795539
3.25	3.5714285714285716
2.9016018306636155	3.06
3.3653846153846154	3.48
4.1645021645021645	4.126315789473685
3.712871287128713	3.6968085106382977
4.361344537815126	4.279661016949152
4.6875	4.285714285714286
3.4545454545454546	3.4065934065934065
3.9478260869565216	3.9375
2.3333333333333335	2.8833333333333333
3.6651162790697676	3.4
3.6831683168316833	4.0
2.9582366589327145	2.919431279620853
3.113456464379947	2.607142857142857
3.298342541436464	3.5789473684210527
3.4909090909090907	3.2
3.4290657439446366	3.625
3.8564814814814814	3.863905325443787
3.8962264150943398	4.157894736842105
3.874251497005988	3.590909090909091
4.068403908794788	3.6904761904761907
4.457236842105263	4.474226804123711
3.665562913907285	4.166666666666667
3.453020134228188	3.4444444444444446
3.783295711060948	3.875
2.752	2.6859504132231407
3.3701923076923075	3.3658536585365852
3.823529411764706	3.742424242424242
3.6411960132890364	4.091603053435114
3.793103448275862	3.800632911392405
3.3931203931203933	3.419437340153453
3.372972972972973	3.363128491620112
4.263681592039801	4.315789473684211
2.542372881355932	2.7888888888888888
3.359154929577465	3.3968253968253967
4.290243902439024	4.357377049180328
3.4265927977839334	3.45141065830721
3.9047619047619047	3.9444444444444446
2.6886291179596173	2.488330341113106
4.264	4.336134453781512
3.492957746478873	3.35
3.3410041841004183	3.542056074766355
2.916323731138546	2.4700460829493087
3.004911591355599	3.0
3.747311827956989	3.7318435754189943
3.008515815085158	2.5
3.388235294117647	2.9322033898305087
4.088235294117647	4.5
3.3445723684210527	3.0
3.687593423019432	3.393258426966292
3.9571428571428573	4.0
4.248407643312102	3.6666666666666665
3.3962264150943398	2.967741935483871
3.761006289308176	3.8333333333333335
4.170212765957447	3.5714285714285716
3.680894308943089	3.75
2.655115511551155	3.0595238095238093
3.896551724137931	3.8076923076923075
3.6153846153846154	3.4047619047619047
4.0262582056892775	4.050314465408805
3.8482758620689657	4.125
3.483695652173913	3.4791666666666665
3.597560975609756	3.6666666666666665
3.583081570996979	3.4761904761904763
3.6862745098039214	3.6363636363636362
4.0	3.958139534883721
3.9411764705882355	3.981818181818182
3.7906458797327396	3.806378132118451
3.0997150997150995	3.163265306122449
3.1307277628032346	3.2129032258064516
3.7966101694915255	3.8
3.808333333333333	3.7945205479452055
2.886029411764706	2.977124183006536
2.912621359223301	2.915129151291513
3.010324483775811	3.048964218455744
3.96	3.5
3.4990689013035383	3.447731755424063
3.467741935483871	3.396551724137931
4.0588235294117645	4.125
3.3175355450236967	3.4115456238361266
3.3542600896860986	3.367149758454106
4.2976190476190474	4.263888888888889
3.405566600397614	3.300236406619385
3.8983050847457625	3.9285714285714284
3.6074074074074076	3.627906976744186
3.954954954954955	3.8979591836734695
3.3909774436090228	3.4153846153846152
3.766743648960739	4.012244897959183
4.339285714285714	4.410852713178294
3.6103739445114598	3.6531440162271807
4.487421383647798	4.446280991735537
3.2853598014888337	3.5
3.7564102564102564	3.708433734939759
4.17037037037037	3.7567567567567566
3.8596491228070176	4.225806451612903
3.5	3.4796747967479673
3.5259740259740258	4.666666666666667
4.02	3.9456521739130435
3.793388429752066	3.8010204081632653
4.088235294117647	4.166666666666667
3.42258064516129	3.475095785440613
3.5139664804469275	3.514018691588785
3.7806122448979593	4.166666666666667
3.5518582541054453	3.6484801247077163
4.017857142857143	4.0
4.038461538461538	3.727272727272727
4.01038961038961	3.910891089108911
3.1450617283950617	3.2941176470588234
4.666666666666667	4.633333333333334
4.134825014343087	3.8920570264765786
3.1847133757961785	3.730769230769231
4.252631578947368	4.17948717948718
4.170731707317073	4.2727272727272725
3.8821138211382116	3.7936507936507935
3.7244897959183674	3.8860103626943006
3.278595696489241	3.1657894736842107
4.083333333333333	5.0
3.8309859154929575	3.903225806451613
3.905325443786982	4.036036036036036
3.4809322033898304	3.175
3.5952755905511813	3.8780487804878048
4.166666666666667	3.68
3.53781512605042	3.7948717948717947
3.6099290780141846	3.3191489361702127
4.055384615384615	4.020618556701031
3.4243792325056432	2.782608695652174
4.003448275862069	3.642857142857143
3.259259259259259	3.6666666666666665
3.0969044414535665	2.808383233532934
3.814814814814815	3.8309859154929575
3.987577639751553	4.636363636363637
3.9	4.165137614678899
3.197802197802198	3.1818181818181817
3.8836477987421385	3.8846153846153846
3.235546038543897	2.0
3.8444444444444446	3.0
3.1635071090047395	3.272727272727273
4.176528599605523	3.7058823529411766
4.087628865979381	4.166666666666667
3.3333333333333335	3.3076923076923075
3.727272727272727	3.77027027027027
3.488372093023256	3.736842105263158
3.404109589041096	2.769230769230769
3.830508474576271	3.92
3.8017902813299234	3.375
4.138888888888889	4.521739130434782
3.8225806451612905	3.676470588235294
3.778	4.048327137546468
3.0714285714285716	3.102189781021898
4.030612244897959	4.2063492063492065
3.8950617283950617	3.8984375
3.0767960363336084	3.078590785907859
3.919047619047619	3.838150289017341
2.8379032258064516	2.725383920505872
3.3741496598639458	3.3333333333333335
3.0653753026634383	2.9327731092436973
3.7719298245614037	3.7413793103448274
3.4021164021164023	3.2
3.306451612903226	3.1964285714285716
3.851063829787234	3.675675675675676
3.42798353909465	3.7916666666666665
2.581081081081081	2.909090909090909
3.298095238095238	3.1578947368421053
3.3846153846153846	4.2
3.589403973509934	2.9714285714285715
3.7303571428571427	3.7252396166134187
3.6516690856313496	3.867816091954023
3.9197080291970803	3.9444444444444446
4.195652173913044	4.214285714285714
3.8286604361370715	3.8137254901960786
2.772727272727273	2.6333333333333333
3.252083333333333	3.2533333333333334
3.3733333333333335	3.311023622047244
4.0638297872340425	4.137931034482759
3.6307692307692307	3.230769230769231
3.5	3.4054054054054053
3.0657894736842106	3.0434782608695654
3.890873015873016	4.320987654320987
3.21875	3.1948051948051948
3.2756756756756755	3.75
3.5472972972972974	3.2857142857142856
4.288461538461538	4.875
4.174603174603175	3.3333333333333335
3.4871220604703246	3.220183486238532
4.0625	3.769230769230769
3.8858447488584473	3.142857142857143
4.0	4.111111111111111
3.8181818181818183	3.7389380530973453
4.094736842105263	4.0777777777777775
3.795795795795796	3.7806691449814127
4.2272727272727275	4.153846153846154
3.739130434782609	3.7582781456953644
3.5471938775510203	3.5069637883008355
3.1242603550295858	3.1636363636363636
3.75	3.435483870967742
4.20945945945946	4.333333333333333
3.3209876543209877	3.0
3.9776785714285716	3.9183673469387754
3.8448275862068964	3.6875
3.7818181818181817	3.8333333333333335
3.489971346704871	3.451038575667656
3.6963503649635037	3.5605633802816903
3.8846153846153846	3.8241758241758244
3.3270440251572326	3.0448717948717947
4.21763085399449	3.8780487804878048
4.0	4.0
3.5714285714285716	3.8461538461538463
3.6693548387096775	3.6818181818181817
4.154639175257732	4.204545454545454
3.877551020408163	3.5714285714285716
3.9473684210526314	4.0
4.125	4.0285714285714285
4.052434456928839	3.9271844660194173
3.7582846003898633	3.727272727272727
4.283505154639175	4.2
3.9767441860465116	3.769230769230769
4.018450184501845	4.045454545454546
3.4814814814814814	3.3125
3.394179894179894	3.4005602240896358
3.176	2.8461538461538463
4.294117647058823	4.428571428571429
4.068965517241379	3.6923076923076925
3.7413793103448274	3.6862745098039214
4.73469387755102	4.675324675324675
4.0703125	3.975
3.7142857142857144	3.2222222222222223
3.2747603833865813	3.018348623853211
4.1826923076923075	4.357142857142857
4.405405405405405	4.5
4.223118279569892	4.243478260869566
3.3382978723404255	3.4214285714285713
3.780185758513932	3.6545454545454548
3.5350877192982457	4.0
3.6285714285714286	3.72
3.476923076923077	4.2592592592592595
3.641304347826087	3.4
4.0	4.294117647058823
4.04424778761062	4.344827586206897
3.8426395939086295	3.7058823529411766
3.8215434083601285	4.0588235294117645
3.7094972067039107	3.9444444444444446
3.3263157894736843	3.3859649122807016
3.93	4.0131578947368425
3.884020618556701	4.230769230769231
4.132352941176471	4.454545454545454
4.167364016736402	4.303030303030303
3.382716049382716	3.25
3.4219269102990033	3.0
3.622516556291391	3.1470588235294117
4.121495327102804	3.9130434782608696
3.7126436781609193	3.2
3.5654008438818567	3.710526315789474
3.717948717948718	4.0
3.185483870967742	3.8333333333333335
3.425720620842572	3.1176470588235294
3.2768361581920904	3.4285714285714284
3.834101382488479	3.845771144278607
3.9326923076923075	3.5
3.857142857142857	3.8333333333333335
4.274074074074074	4.571428571428571
4.097777777777778	4.150837988826815
3.4113207547169813	3.6923076923076925
4.167464114832536	3.6666666666666665
3.92128801431127	4.066666666666666
4.008097165991903	4.0476190476190474
3.3220338983050848	3.4415584415584415
3.761467889908257	3.607142857142857
3.3675675675675674	3.740740740740741
3.341666666666667	3.3013698630136985
2.85812356979405	2.7735849056603774
3.9574468085106385	4.151515151515151
3.9714285714285715	3.9195402298850577
3.638095238095238	3.4265734265734267
3.472826086956522	3.6666666666666665
4.087591240875913	4.0636363636363635
3.6497695852534564	3.64070351758794
3.523510971786834	3.541935483870968
4.046875	4.080536912751678
3.988235294117647	3.857142857142857
3.8225108225108224	3.8401826484018264
3.3384615384615386	3.161417322834646
4.0	3.7636363636363637
3.849557522123894	3.6818181818181817
4.070707070707071	4.125
3.6830188679245284	3.7419354838709675
4.76	4.833333333333333
3.5471311475409837	3.670103092783505
3.433639947437582	3.5081081081081082
3.5919811320754715	3.6714285714285713
3.7672413793103448	3.3333333333333335
3.557894736842105	3.4484848484848483
3.968944099378882	3.9066666666666667
3.5135135135135136	3.259259259259259
3.909090909090909	3.9642857142857144
4.15	4.0
3.75	3.574898785425101
4.056338028169014	4.170212765957447
3.4440298507462686	4.6
3.992481203007519	3.9411764705882355
4.180539273153576	3.869565217391304
4.340983606557377	4.3138297872340425
3.7404580152671754	3.5555555555555554
3.63375	3.616
3.7651006711409396	2.65
3.142857142857143	3.2666666666666666
3.05	2.5
3.964788732394366	3.7142857142857144
3.863157894736842	3.8777777777777778
4.344827586206897	4.5
4.129310344827586	4.294117647058823
3.3994638069705094	3.280334728033473
4.21875	4.079365079365079
4.188888888888889	4.241379310344827
3.8970588235294117	3.925287356321839
4.25	4.219512195121951
4.086666666666667	4.185567010309279
4.1891891891891895	3.7222222222222223
3.486842105263158	3.3621399176954734
3.4782608695652173	3.5163934426229506
3.9393939393939394	4.045454545454546
3.608695652173913	3.5405405405405403
3.6470588235294117	3.2884615384615383
4.239316239316239	4.224489795918367
3.910299003322259	4.0
3.2918149466192173	3.3020833333333335
3.6911764705882355	3.6527777777777777
3.351123595505618	3.5078125
4.058333333333334	3.75
3.9477611940298507	3.6
3.8839285714285716	3.857142857142857
3.4680851063829787	3.5789473684210527
3.088495575221239	3.4285714285714284
3.2633136094674557	2.125
3.5328719723183393	3.54296875
4.246153846153846	4.162790697674419
4.617449664429531	4.71875
3.2981818181818183	3.2911051212938007
3.5167464114832536	3.3190184049079754
3.7169811320754715	3.4545454545454546
3.8692579505300353	3.9212121212121214
3.642105263157895	3.7777777777777777
3.366883116883117	3.6
3.508591065292096	2.6
4.209219858156028	4.5
3.4705882352941178	4.111111111111111
3.8740740740740742	3.646153846153846
3.8652777777777776	4.3076923076923075
3.892156862745098	4.25
4.130514705882353	4.25
3.5530393325387366	3.392156862745098
4.638888888888889	4.4375
3.6187845303867405	3.4388489208633093
3.7019607843137257	3.551546391752577
2.6852010265183917	2.6153846153846154
3.925373134328358	4.0
3.813664596273292	3.9565217391304346
3.5471956224350207	3.4
3.3616018845700824	3.2653061224489797
3.603448275862069	3.735294117647059
2.8333333333333335	4.75
3.8597122302158273	4.185185185185185
4.181818181818182	4.642857142857143
3.737142857142857	2.0
3.8074074074074074	3.8333333333333335
3.435810810810811	3.475
3.979381443298969	3.9047619047619047
2.990344827586207	3.1903614457831324
3.6538461538461537	3.661764705882353
3.795918367346939	3.6774193548387095
4.132832080200501	3.7916666666666665
3.3618233618233617	3.3284671532846715
3.4361370716510904	3.870967741935484
3.3028169014084505	3.3636363636363638
3.578034682080925	3.588235294117647
3.686224489795918	3.5923566878980893
3.951923076923077	3.9130434782608696
2.8990536277602525	2.564516129032258
4.045092838196286	3.3684210526315788
4.430379746835443	4.233333333333333
3.4150197628458496	3.4
2.9526315789473685	3.411764705882353
3.3403141361256545	3.875
3.888888888888889	3.8947368421052633
3.84070796460177	5.0
3.9096385542168677	3.9358974358974357
3.8865384615384615	3.8073394495412844
3.7464788732394365	3.7719298245614037
3.0199386503067487	3.0233644859813085
4.184615384615385	4.3076923076923075
2.910094637223975	2.6954022988505746
3.8793103448275863	3.8
3.752083333333333	3.6721311475409837
3.592375366568915	3.6076555023923444
3.574468085106383	3.5428571428571427
3.647709320695103	3.7325
3.673076923076923	3.5764705882352943
3.1149635036496353	3.207920792079208
4.2105263157894735	4.254237288135593
2.445344129554656	2.4786324786324787
3.874015748031496	3.6666666666666665
3.4132231404958677	3.488372093023256
3.8543046357615895	3.597315436241611
3.893103448275862	3.25
3.871670702179177	3.5483870967741935
3.7551020408163267	4.545454545454546
3.6363636363636362	3.35
4.35	4.333333333333333
4.084615384615384	4.0
3.9135338345864663	3.9166666666666665
3.5196850393700787	3.533333333333333
3.004076086956522	2.5692307692307694
3.805256869772999	3.8461538461538463
3.0251572327044025	2.9473684210526314
4.38728323699422	4.041666666666667
4.2091254752851714	4.237804878048781
3.5833333333333335	3.0
3.1580188679245285	2.6372549019607843
3.9347826086956523	3.5555555555555554
3.206303724928367	3.3338368580060425
3.9726027397260273	3.9565217391304346
4.274074074074074	4.259433962264151
3.6710526315789473	3.6666666666666665
2.9012738853503186	3.0146341463414634
3.9035087719298245	4.046979865771812
3.8322147651006713	3.8225806451612905
3.9452054794520546	4.125
3.951219512195122	4.056603773584905
3.8071672354948807	3.6842105263157894
3.548780487804878	3.7625
3.7335526315789473	3.28125
3.7295081967213113	3.465909090909091
3.627049180327869	3.7254901960784315
3.8739495798319328	4.3076923076923075
3.7447916666666665	3.619047619047619
3.4356435643564356	3.0555555555555554
4.233333333333333	4.1875
4.125	3.6666666666666665
3.541176470588235	3.1818181818181817
3.8863636363636362	3.7954545454545454
4.037037037037037	4.02
3.6265356265356266	3.5
3.546218487394958	3.3125
3.625	3.6666666666666665
3.2152466367713006	3.5714285714285716
3.664756446991404	3.923076923076923
3.8636363636363638	4.275
3.4410876132930515	3.1038251366120218
3.7013574660633486	3.5904761904761906
2.7006060606060607	3.326530612244898
3.591265397536394	3.2734375
3.873015873015873	2.8
4.033898305084746	3.8518518518518516
3.6778688524590164	3.3703703703703702
3.8251121076233185	4.8
4.161290322580645	4.545454545454546
3.4365853658536585	3.2524590163934426
3.8987341772151898	3.2142857142857144
3.770053475935829	3.4285714285714284
3.5789473684210527	3.547169811320755
3.9743589743589745	3.8
4.17	4.083333333333333
3.3688212927756656	3.2704918032786887
3.5451505016722407	2.6818181818181817
3.8333333333333335	3.8
3.2085561497326203	3.6265060240963853
3.2708757637474544	3.75
3.9193548387096775	3.75
4.121359223300971	4.226666666666667
3.9304347826086956	4.3
3.8285714285714287	4.166666666666667
4.231155778894473	4.545454545454546
3.4972375690607733	3.484375
3.358361774744027	3.366336633663366
3.518828451882845	3.5604395604395602
3.875	3.7777777777777777
3.5294117647058822	3.664473684210526
3.77959927140255	3.9
3.4047619047619047	3.339622641509434
4.098039215686274	4.108695652173913
3.1979949874686717	3.6666666666666665
3.727272727272727	3.8333333333333335
3.588235294117647	4.0
3.2721518987341773	3.281045751633987
3.594017094017094	3.28125
4.071641791044776	4.136363636363637
4.106299212598425	4.0710382513661205
3.161290322580645	3.1142857142857143
3.5777126099706744	4.231884057971015
