all_mean	work_mean	week_mean
4.114713216957606	4.258064516129032	4.071428571428571
3.5725490196078433	3.3969465648854964	3.7580645161290325
3.0673400673400675	3.4827586206896552	3.0223880597014925
3.948529411764706	3.8640776699029127	4.212121212121212
2.96	3.642857142857143	2.935233160621762
3.5833333333333335	3.95	3.5
4.199430199430199	4.223140495867769	4.146788990825688
3.068561872909699	3.136801541425819	2.6202531645569622
3.712962962962963	3.6804123711340204	4.0
3.4285714285714284	3.359550561797753	4.111111111111111
4.347107438016529	4.323076923076923	4.375
3.364705882352941	3.3677685950413223	3.3076923076923075
4.046511627906977	4.129032258064516	3.8333333333333335
4.005714285714285	3.9662162162162162	4.222222222222222
4.172413793103448	4.4375	3.4347826086956523
4.016949152542373	4.035398230088496	3.6
3.1025641025641026	3.0344827586206895	3.3
4.3125	4.7	4.2105263157894735
3.511111111111111	4.333333333333333	3.5
2.7581395348837208	2.698581560283688	2.8716216216216215
3.2149532710280373	3.182795698924731	3.4285714285714284
3.128787878787879	3.6724137931034484	2.7027027027027026
3.347826086956522	2.8125	3.6333333333333333
3.5428571428571427	3.5306122448979593	3.7142857142857144
3.619047619047619	3.8378378378378377	3.3076923076923075
3.401315789473684	3.5405405405405403	3.232727272727273
4.173913043478261	4.0	4.363636363636363
3.8448275862068964	4.0	3.608695652173913
3.3966101694915256	3.451737451737452	3.0
3.074074074074074	3.0962199312714778	3.0
3.8181818181818183	3.702127659574468	4.5
3.9408783783783785	3.8463855421686746	4.061538461538461
4.021551724137931	3.8983050847457625	4.149122807017544
3.653927813163482	3.632911392405063	3.763157894736842
3.5	3.4285714285714284	3.6666666666666665
2.1828793774319064	2.1812227074235806	2.1964285714285716
3.6878048780487807	3.6805896805896805	4.666666666666667
3.5670289855072466	3.61271676300578	2.8484848484848486
3.9679144385026737	3.991111111111111	3.873873873873874
4.083333333333333	4.25	3.6666666666666665
4.083932853717027	4.188405797101449	3.980952380952381
3.3333333333333335	3.2	3.36
3.0914285714285716	2.712962962962963	3.1894484412470026
3.677685950413223	3.4456521739130435	3.82
3.889294403892944	3.8132854578096946	4.049056603773585
3.7493403693931397	3.6666666666666665	3.75
3.954022988505747	3.8181818181818183	3.973684210526316
3.652173913043478	3.6778523489932886	3.5428571428571427
3.8545454545454545	3.8932038834951457	3.2857142857142856
4.215686274509804	4.2784810126582276	4.0
4.22680412371134	4.177777777777778	4.857142857142857
4.086363636363636	4.138461538461539	3.68
3.4036144578313254	3.406015037593985	3.393939393939394
4.140845070422535	3.980769230769231	4.578947368421052
3.2051282051282053	3.2074074074074073	3.0
4.0359712230215825	4.010204081632653	4.097560975609756
3.2460567823343847	3.2443729903536975	3.3333333333333335
4.163461538461538	4.232558139534884	3.8333333333333335
2.8692893401015227	2.864229765013055	3.0454545454545454
3.861244019138756	3.861878453038674	3.857142857142857
3.937823834196891	3.9245283018867925	4.0
3.385996409335727	3.857142857142857	3.38
4.040650406504065	4.25	4.0
3.696245733788396	3.682242990654206	3.7341772151898733
3.263522884882108	2.813953488372093	3.2920353982300883
4.45	4.588235294117647	4.3478260869565215
3.3350923482849604	3.5365853658536586	3.3106508875739644
2.7264397905759163	2.6966966966966965	2.7494199535962878
3.7654109589041096	3.6494565217391304	3.962962962962963
4.2835820895522385	4.290322580645161	4.277777777777778
3.665745856353591	3.625766871165644	3.698492462311558
4.047138047138047	4.118421052631579	3.972413793103448
3.25	3.1964285714285716	3.2884615384615383
3.7572815533980584	3.736842105263158	3.814814814814815
3.4463007159904535	3.5885416666666665	3.3259911894273126
3.3404255319148937	3.6	3.3095238095238093
3.78125	3.7911392405063293	3.0
4.111111111111111	4.392857142857143	4.022471910112359
3.676470588235294	3.640625	4.25
3.8035714285714284	3.8036363636363637	3.8
3.795918367346939	4.0	3.696969696969697
3.280314960629921	3.2612419700214135	3.3333333333333335
4.401260504201681	4.408510638297872	3.8333333333333335
3.297872340425532	2.8947368421052633	3.5714285714285716
3.735725938009788	3.7298420615128847	4.043478260869565
3.528239202657807	3.5277310924369747	3.5714285714285716
3.902173913043478	3.9285714285714284	3.625
4.511961722488039	4.777777777777778	4.5
3.66497461928934	3.6050420168067228	4.243243243243243
3.218045112781955	3.1040723981900453	3.7777777777777777
3.7130801687763713	3.971014492753623	3.3535353535353534
3.536723163841808	3.495145631067961	3.5945945945945947
3.869565217391304	3.8666666666666667	3.870967741935484
3.34	3.3043478260869565	3.75
4.294117647058823	4.325301204819277	4.222222222222222
3.9363057324840764	3.943708609271523	3.75
3.3551724137931034	3.603896103896104	3.2652582159624415
3.7569444444444446	3.791005291005291	1.6111111111111112
3.0077922077922077	3.062874251497006	2.6470588235294117
3.652173913043478	3.5	3.6842105263157894
4.03030303030303	4.318181818181818	3.4545454545454546
3.9393939393939394	3.872340425531915	3.976470588235294
4.127659574468085	3.9523809523809526	4.178082191780822
4.226744186046512	3.911111111111111	4.338582677165355
3.6801075268817205	3.752577319587629	3.601123595505618
4.254237288135593	4.32258064516129	4.2298850574712645
3.5813953488372094	3.5555555555555554	3.6
4.3107344632768365	4.207792207792208	4.39
3.705	3.7088607594936707	3.70404984423676
4.008264462809917	4.137254901960785	3.914285714285714
4.4772727272727275	3.6666666666666665	4.605263157894737
3.8031496062992125	3.9166666666666665	3.7975206611570247
3.103896103896104	3.0913242009132422	3.3333333333333335
3.7231638418079096	3.9220779220779223	3.57
3.8700564971751414	3.8045977011494254	3.933333333333333
3.0935672514619883	3.408450704225352	2.87
4.2592592592592595	4.2407407407407405	4.333333333333333
3.6776776776776776	3.6836215666327567	3.3125
4.174757281553398	4.28	4.141025641025641
3.8240887480190175	3.773109243697479	3.854961832061069
3.8857142857142857	4.183333333333334	2.1
3.802992518703242	3.8119402985074626	3.757575757575758
3.551851851851852	3.789473684210526	3.378205128205128
3.6153846153846154	3.72972972972973	3.3333333333333335
3.4271186440677965	3.356357927786499	3.6088709677419355
4.0	3.968	4.222222222222222
4.1635071090047395	4.195652173913044	4.06
4.198979591836735	4.247058823529412	3.8846153846153846
3.551051051051051	3.593155893536122	3.5235732009925558
3.6987951807228914	3.6604938271604937	3.7701149425287355
3.5668202764976957	3.6991150442477876	3.423076923076923
3.38255033557047	3.31	3.5306122448979593
2.64	2.409090909090909	4.333333333333333
2.634433962264151	2.6357142857142857	2.5
3.3246187363834423	3.324561403508772	3.3333333333333335
4.321428571428571	4.354838709677419	4.28
2.8291015625	2.8280943025540277	3.0
3.7752293577981653	3.7044025157232703	3.9661016949152543
4.0	3.8	4.041666666666667
2.935441370223979	2.9081632653061225	3.191780821917808
3.2142857142857144	3.2171945701357467	3.0
3.58974358974359	3.4942528735632186	3.8666666666666667
3.966463414634146	3.7664670658682633	4.173913043478261
3.442953020134228	3.4274193548387095	3.52
2.9717391304347824	2.9544419134396356	3.3333333333333335
4.184615384615385	4.107142857142857	4.666666666666667
3.7226027397260273	3.72972972972973	3.6666666666666665
4.090909090909091	4.076470588235294	4.5
3.988372093023256	3.994557823129252	3.871794871794872
3.91699604743083	3.928251121076233	3.8333333333333335
3.4126984126984126	3.9271523178807946	3.2505219206680587
3.490566037735849	3.5789473684210527	3.2666666666666666
4.050724637681159	4.066115702479339	3.9411764705882355
3.5154394299287413	3.880952380952381	3.474934036939314
3.635514018691589	3.4038461538461537	3.8545454545454545
3.8430232558139537	3.784313725490196	3.9285714285714284
2.9354485776805253	3.3092105263157894	2.7491803278688525
4.01010101010101	3.9857142857142858	4.068965517241379
2.8405797101449277	2.8815789473684212	2.838418862690707
3.969298245614035	4.047120418848167	3.5675675675675675
4.442857142857143	4.9	4.366666666666666
3.5566502463054186	3.588235294117647	3.5502958579881656
3.3008130081300813	3.2788461538461537	3.316901408450704
3.9014084507042255	3.619047619047619	4.310344827586207
3.8685714285714288	3.596638655462185	3.9482758620689653
3.2888888888888888	4.0	3.238095238095238
3.6962025316455698	3.25	3.707792207792208
3.6816901408450704	2.9767441860465116	3.7788461538461537
3.0510204081632653	3.0476190476190474	3.051948051948052
2.9859437751004014	2.986072423398329	2.985611510791367
3.4896907216494846	3.5942857142857143	3.403755868544601
3.5113636363636362	3.4126984126984126	3.76
3.7327586206896552	3.737556561085973	3.7244094488188977
4.296296296296297	4.0	4.324324324324325
3.7408123791102517	3.6	3.7421875
3.9295392953929538	3.7325581395348837	4.101522842639594
4.6878306878306875	4.75	4.646017699115045
4.271341463414634	4.557971014492754	4.063157894736842
3.1493624772313296	2.98974358974359	3.23728813559322
3.3963133640552994	2.8333333333333335	3.4123222748815167
3.25990099009901	2.8793103448275863	3.4131944444444446
3.7625	3.803370786516854	3.6451612903225805
4.04054054054054	3.9285714285714284	4.1875
3.2222222222222223	3.672727272727273	2.9125
3.3303964757709252	3.342857142857143	3.176470588235294
3.5417867435158503	3.4225352112676055	3.624390243902439
4.017045454545454	4.008264462809917	4.036363636363636
3.8493150684931505	2.75	3.9130434782608696
3.549019607843137	3.673469387755102	3.4339622641509435
4.153846153846154	4.181818181818182	4.142857142857143
3.935810810810811	4.029850746268656	3.736842105263158
3.933333333333333	3.1666666666666665	4.125
4.118518518518519	4.0	4.125
3.6525198938992043	3.7507886435331232	3.1333333333333333
4.136363636363637	3.9411764705882355	4.204081632653061
4.141304347826087	4.1976744186046515	3.3333333333333335
2.4750996015936253	2.838235294117647	2.3825
3.7262830482115086	3.7797202797202796	3.619158878504673
3.0107758620689653	3.095622119815668	1.7833333333333334
3.9886363636363638	4.0	3.962962962962963
3.1953125	3.2222222222222223	3.178343949044586
3.483679525222552	3.4863013698630136	3.466666666666667
4.317647058823529	4.346666666666667	4.1
3.9166666666666665	3.9	3.9375
3.4663573085846866	3.532051282051282	3.3883248730964466
3.795518207282913	3.7589285714285716	4.380952380952381
2.888888888888889	2.8845360824742268	2.9642857142857144
4.18	4.318181818181818	3.911764705882353
3.7336683417085426	3.742504409171076	3.566666666666667
4.146551724137931	4.126315789473685	4.238095238095238
3.4479166666666665	3.4597701149425286	3.3333333333333335
3.8621794871794872	3.867313915857605	3.3333333333333335
3.3375850340136055	3.3731679819616684	3.2283737024221453
4.0588235294117645	3.3333333333333335	4.155555555555556
3.324324324324324	3.3484536082474228	2.9696969696969697
3.9749216300940438	3.9547169811320755	4.074074074074074
3.764625850340136	3.7643835616438355	3.8
3.222413793103448	3.2455795677799606	3.056338028169014
3.386904761904762	3.381818181818182	3.6666666666666665
3.74468085106383	3.7513513513513512	3.3333333333333335
3.9065934065934065	3.8988095238095237	4.0
3.3090128755364807	3.3400447427293063	2.5789473684210527
3.3726235741444865	3.350597609561753	3.8333333333333335
2.5906298003072195	2.588100686498856	2.5957943925233646
3.441048034934498	3.44367816091954	3.391304347826087
3.574468085106383	3.5925925925925926	3.515151515151515
2.815910585141354	2.818758815232722	2.7766990291262137
3.357142857142857	3.365650969529086	2.3333333333333335
4.296116504854369	4.298507462686567	4.2
3.3870967741935485	3.8	3.3076923076923075
3.325115562403698	3.3541666666666665	3.3168316831683167
3.71875	3.7386363636363638	3.5
3.656862745098039	3.6129032258064515	4.111111111111111
3.5757575757575757	3.8	3.557377049180328
3.5365384615384614	3.6042105263157893	2.8222222222222224
3.707152496626181	4.008810572687224	3.5739299610894943
2.394822006472492	2.3612040133779266	3.4
3.863979848866499	3.8596938775510203	4.2
4.046712802768166	4.185410334346504	3.8634538152610443
4.035714285714286	4.125	3.5
3.7768924302788847	3.8099547511312215	3.533333333333333
4.247422680412371	4.23404255319149	4.666666666666667
3.6396103896103895	3.6405228758169934	3.5
3.56993006993007	3.6186770428015564	3.1379310344827585
4.02542372881356	4.2	3.6578947368421053
3.36734693877551	3.142857142857143	3.4047619047619047
3.7487179487179487	3.760233918128655	3.6666666666666665
3.586497890295359	3.5896700143472025	3.4285714285714284
3.183673469387755	3.327272727272727	2.6029411764705883
3.3415977961432506	3.383720930232558	3.238095238095238
4.257425742574258	4.433734939759036	3.4444444444444446
3.4220907297830374	3.412416851441242	3.5
3.9064685314685317	3.8893166506256014	4.076190476190476
3.9468085106382977	4.1571428571428575	3.3333333333333335
3.774410774410774	3.7773972602739727	3.6
4.266666666666667	4.2727272727272725	4.2631578947368425
3.3205317577548006	3.349514563106796	3.016949152542373
4.1475054229934925	4.197368421052632	4.098712446351931
4.505376344086022	4.579710144927536	4.291666666666667
3.6620775969962454	3.6018099547511313	3.7366946778711485
3.507042253521127	3.4655172413793105	3.6923076923076925
2.1627329192546583	2.3309608540925266	1.7736625514403292
4.415770609318996	4.333333333333333	4.434210526315789
3.778481012658228	3.7333333333333334	3.819277108433735
3.7985611510791366	3.8547008547008548	3.5
3.5759493670886076	3.722772277227723	3.3157894736842106
3.404970760233918	3.4093357271095153	3.3858267716535435
4.169811320754717	4.0	4.333333333333333
3.4474885844748857	3.4805194805194803	3.4295774647887325
3.782178217821782	3.767908309455587	3.8727272727272726
3.316205533596838	3.296137339055794	3.55
4.138888888888889	3.9411764705882355	4.315789473684211
3.329683698296837	3.40398293029872	2.8907563025210083
3.951219512195122	3.7962962962962963	4.25
3.838187702265372	3.8421052631578947	3.8225806451612905
3.826923076923077	3.9469026548672566	3.511627906976744
3.8324324324324324	3.7387387387387387	3.972972972972973
3.5454545454545454	3.2	3.6470588235294117
3.758974358974359	3.6589147286821704	3.9545454545454546
3.647814910025707	3.6894865525672373	3.6016260162601625
3.2383838383838386	3.2813522355507088	2.6986301369863015
2.8061142397425582	2.8029435813573182	3.0
3.8974700399467377	3.8862876254180603	3.9411764705882355
3.2295081967213113	3.5	3.210526315789474
2.443762781186094	3.040650406504065	1.8395061728395061
3.2490118577075098	3.3047619047619046	2.9767441860465116
3.8275862068965516	3.857142857142857	3.0
3.9384615384615387	3.9285714285714284	4.25
3.9043478260869566	3.8640776699029127	4.25
3.399267399267399	3.6344086021505375	3.2777777777777777
3.738993710691824	4.1875	3.7152317880794703
3.8095238095238093	3.981818181818182	3.62
3.7351778656126484	3.930817610062893	3.404255319148936
4.423076923076923	4.0	4.55
3.754385964912281	3.7576687116564416	3.6875
3.9397590361445785	3.924137931034483	4.0476190476190474
3.208695652173913	3.128205128205128	3.9696969696969697
3.4939024390243905	3.433333333333333	3.5288461538461537
4.0062111801242235	4.0	4.012658227848101
3.4496732026143793	3.4565916398713825	3.4195804195804196
3.3253796095444685	3.308093994778068	3.41025641025641
3.332129963898917	3.3485714285714288	3.0344827586206895
3.727891156462585	3.9	3.7153284671532845
3.5565217391304347	3.579710144927536	3.347826086956522
3.3018181818181818	3.2960151802656545	3.4347826086956523
3.3122406639004147	3.313953488372093	3.2222222222222223
3.573741007194245	3.614141414141414	3.2459016393442623
3.005714285714286	2.975609756097561	3.4545454545454546
3.745011086474501	3.5913461538461537	3.876543209876543
3.780580075662043	3.7382039573820394	3.985294117647059
4.205128205128205	4.228571428571429	4.0
3.658802177858439	3.777456647398844	3.4585365853658536
4.061302681992337	4.052208835341365	4.25
3.2301587301587302	3.2311046511627906	3.2268041237113403
3.8620689655172415	3.8621236133122028	3.857142857142857
3.208849557522124	3.238095238095238	3.172
3.9310344827586206	4.047058823529412	3.7986577181208054
4.313218390804598	4.251282051282051	4.392156862745098
3.5543478260869565	3.3399209486166006	3.7357859531772575
3.6582278481012658	3.9	3.2413793103448274
3.512720156555773	3.6286472148541113	3.1865671641791047
3.8160377358490565	3.8399014778325125	3.2777777777777777
3.671232876712329	3.625	3.8846153846153846
4.10062893081761	4.261904761904762	4.042735042735043
3.086206896551724	3.6	2.9069767441860463
3.5280095351609058	3.4390243902439024	3.720754716981132
3.410322580645161	3.56672760511883	3.0350877192982457
3.769230769230769	3.73972602739726	4.2
3.4906621392190154	3.5176470588235293	3.3164556962025316
3.834101382488479	3.891304347826087	3.827319587628866
3.5706521739130435	3.457055214723926	4.4523809523809526
3.2748815165876777	3.260869565217391	3.4516129032258065
3.54029304029304	3.55078125	3.3823529411764706
3.295302013422819	3.0	3.303448275862069
2.9626623376623376	3.0	2.8424657534246576
2.4282560706401766	2.425389755011136	2.75
3.5970149253731343	3.5517241379310347	3.6315789473684212
3.7765042979942693	3.944741532976827	3.0875912408759123
4.092307692307692	4.2	3.85
4.129032258064516	4.273148148148148	4.004016064257028
2.6984126984126986	2.6796875	2.7583333333333333
3.9591836734693877	3.9574468085106385	4.0
3.310580204778157	3.5350877192982457	3.1675977653631286
3.5808383233532934	3.5544871794871793	3.9545454545454546
4.093525179856115	4.088888888888889	4.25
3.48989898989899	3.6163522012578615	2.9743589743589745
3.6153846153846154	3.3469387755102042	3.725
3.6506024096385543	3.9692307692307693	2.5
3.931558935361217	3.916	4.230769230769231
3.780269058295964	3.807511737089202	3.2
3.867043847241867	3.819607843137255	3.989847715736041
3.269230769230769	3.5576923076923075	3.243006993006993
4.14975845410628	4.03	4.261682242990654
3.710806697108067	3.70293609671848	3.769230769230769
2.487856388595565	2.487012987012987	2.4915254237288136
3.8969072164948453	4.384615384615385	3.7183098591549295
3.3860232945091515	3.417874396135266	3.3155080213903743
3.456876456876457	3.4166666666666665	3.507936507936508
3.6459016393442623	3.856287425149701	3.391304347826087
3.839622641509434	3.8529411764705883	3.827272727272727
3.1666666666666665	3.53125	2.9285714285714284
3.0545454545454547	3.0986515259048972	2.7204301075268815
3.6205882352941177	3.6487025948103793	3.541899441340782
3.858974358974359	3.8225806451612905	4.0
3.49003984063745	3.521951219512195	3.347826086956522
3.933774834437086	3.9197080291970803	4.071428571428571
3.2746478873239435	3.3076923076923075	3.12
2.6679174484052535	2.7530266343825667	2.375
3.816247582205029	3.875	3.4805194805194803
3.7644787644787643	3.7582846003898633	4.4
3.4675324675324677	3.778947368421053	2.9661016949152543
3.1142857142857143	3.2222222222222223	3.0
3.4825396825396826	3.4901785714285714	3.4214285714285713
3.425806451612903	3.3392857142857144	3.6511627906976742
4.142857142857143	4.16412213740458	3.6363636363636362
3.5230524642289347	3.473913043478261	3.6568047337278107
3.895348837209302	3.8902439024390243	4.0
3.8707865168539324	3.935114503816794	3.6914893617021276
3.8160919540229883	3.8780487804878048	3.760869565217391
3.7857142857142856	3.808219178082192	3.72
3.5918367346938775	3.6285714285714286	3.5
4.1017964071856285	3.7288135593220337	4.305555555555555
4.344262295081967	4.5	4.327272727272727
3.9	3.6666666666666665	3.918918918918919
2.4583901773533423	2.395238095238095	2.5431309904153356
3.838056680161943	3.8125	3.859259259259259
2.8052373158756136	2.5825545171339566	3.0517241379310347
3.1273532668881505	3.1300639658848612	3.1244239631336406
3.990990990990991	4.113043478260869	3.926605504587156
3.941834451901566	3.5843373493975905	4.153024911032029
3.5588235294117645	3.75	3.533333333333333
3.5307855626326963	3.4915254237288136	3.543909348441926
3.8523489932885906	4.098765432098766	3.5588235294117645
3.829896907216495	3.8469387755102042	3.8125
3.923076923076923	3.65	4.184931506849315
3.541284403669725	3.488095238095238	3.574626865671642
3.1629955947136565	3.1846153846153844	3.154320987654321
3.984536082474227	3.8813953488372093	4.276315789473684
3.56	3.1	3.5813953488372094
3.5485611510791366	3.448529411764706	3.6443661971830985
3.1358490566037736	3.1666666666666665	3.135135135135135
3.588235294117647	3.633587786259542	3.550632911392405
3.896153846153846	3.938775510204082	3.765625
4.09765625	4.041666666666667	4.204545454545454
3.8615384615384616	3.8	3.933333333333333
3.549407114624506	3.5528455284552845	3.4285714285714284
3.1187739463601534	2.94375	3.396039603960396
2.945578231292517	2.9323308270676693	2.948912015137181
4.413461538461538	4.413793103448276	4.413333333333333
3.407563025210084	3.3647798742138364	3.4936708860759493
3.696124031007752	3.7195767195767195	3.68640350877193
3.4819277108433737	3.72	3.3793103448275863
3.2309941520467835	3.325	3.2251552795031055
3.735294117647059	3.5384615384615383	3.8026315789473686
3.46875	3.417910447761194	3.586206896551724
4.338028169014085	4.368421052631579	4.326923076923077
3.9483870967741934	3.816326530612245	4.175438596491228
3.7473684210526317	3.5	3.8507462686567164
3.7729257641921397	3.7589285714285716	4.4
3.5665294924554183	3.16	3.748015873015873
4.056338028169014	4.0	4.166666666666667
3.293103448275862	3.2565789473684212	3.5454545454545454
3.865168539325843	3.8333333333333335	4.0
3.2224371373307545	2.892156862745098	3.3036144578313253
2.2455555555555557	2.162269129287599	2.6901408450704225
2.897196261682243	3.4	2.8938172043010755
3.6733333333333333	3.6486486486486487	3.6814159292035398
3.5550978372811533	3.5655737704918034	3.5487603305785123
4.505747126436781	4.648148148148148	4.2727272727272725
3.539325842696629	3.5508982035928143	3.3636363636363638
3.451219512195122	3.425373134328358	3.566666666666667
3.6201923076923075	3.78125	3.482142857142857
3.873362445414847	3.5555555555555554	4.079136690647482
3.2083333333333335	3.197530864197531	3.5
3.2717086834733893	3.1608695652173915	3.47244094488189
3.370716510903427	3.269230769230769	3.390334572490706
3.125	4.4	3.0654205607476634
3.6176470588235294	3.391304347826087	4.090909090909091
3.8526912181303117	3.3181818181818183	3.928802588996764
3.9395604395604398	4.666666666666667	3.9273743016759775
4.093333333333334	4.0	4.094594594594595
3.9424657534246577	3.8920863309352516	4.103448275862069
3.059866962305987	3.5	3.053932584269663
4.217877094972067	4.0578512396694215	4.551724137931035
4.287356321839081	3.7777777777777777	4.315151515151515
3.33224043715847	3.7197452229299364	3.2519788918205803
4.276450511945392	4.350597609561753	3.8333333333333335
3.05679012345679	3.4375	3.0241286863270775
3.4147286821705425	3.9846153846153847	3.22279792746114
3.509433962264151	2.875	3.529182879377432
3.689655172413793	3.55	4.0
3.641025641025641	3.6	3.7777777777777777
3.506849315068493	3.6627906976744184	3.406015037593985
3.338345864661654	3.1279620853080567	3.574468085106383
4.050314465408805	4.142857142857143	4.024193548387097
4.092436974789916	3.9714285714285715	4.26530612244898
3.6536144578313254	3.5	3.704
3.6744186046511627	3.1551724137931036	3.93859649122807
3.922178988326848	3.871165644171779	4.01063829787234
3.6685714285714286	3.28125	3.7552447552447554
3.446927374301676	3.7017543859649122	3.398671096345515
3.4466019417475726	3.473684210526316	3.4404761904761907
4.112462006079028	3.8584070796460175	4.24537037037037
3.921259842519685	3.857142857142857	3.9456521739130435
4.105263157894737	4.166666666666667	4.05
4.026595744680851	4.033898305084746	3.909090909090909
4.409090909090909	4.2	4.470588235294118
4.1688311688311686	4.096774193548387	4.217391304347826
3.722794959908362	3.739782016348774	3.633093525179856
4.386206896551724	4.264367816091954	4.568965517241379
3.9084967320261437	3.696969696969697	4.068965517241379
3.6728624535315983	3.591549295774648	3.763779527559055
3.7096774193548385	4.125	3.4473684210526314
4.360902255639098	4.403458213256484	4.076923076923077
3.8181818181818183	3.7884615384615383	3.88
3.6271186440677967	3.6666666666666665	3.5652173913043477
3.5945945945945947	3.2222222222222223	3.9473684210526314
3.7346938775510203	3.7555555555555555	3.5
4.092105263157895	4.0	4.233333333333333
4.352112676056338	3.625	4.444444444444445
3.3684210526315788	3.370833333333333	3.2857142857142856
3.3817733990147785	3.3775	3.6666666666666665
3.864406779661017	4.172413793103448	3.566666666666667
4.059210526315789	4.0638297872340425	4.0
3.8805970149253732	3.891472868217054	3.6
3.496932515337423	3.7721518987341773	3.408906882591093
4.1594827586206895	4.15695067264574	4.222222222222222
3.6666666666666665	3.727272727272727	3.5714285714285716
3.702127659574468	3.6511627906976742	4.25
3.327651515151515	3.3282442748091605	3.25
3.292517006802721	3.2777777777777777	4.0
3.936	3.9732142857142856	3.6153846153846154
3.575	3.5743589743589745	3.6
3.342857142857143	3.25	3.350515463917526
3.869358669833729	3.9101941747572817	2.0
3.534181240063593	3.5638841567291313	3.119047619047619
3.7403846153846154	3.75	3.5
3.5354330708661417	3.537777777777778	3.5172413793103448
3.6	3.6470588235294117	2.888888888888889
3.5505226480836236	3.5767441860465117	3.4722222222222223
3.397984886649874	3.4077380952380953	3.3442622950819674
3.9058823529411764	3.8266666666666667	4.5
3.558139534883721	3.592156862745098	3.369565217391304
3.9441210710128054	3.9515738498789346	3.757575757575758
4.534883720930233	4.684210526315789	4.416666666666667
4.206896551724138	4.473684210526316	3.7
4.419354838709677	3.8	4.538461538461538
4.104166666666667	3.96875	4.375
3.2419354838709675	3.169811320754717	3.6666666666666665
3.6933497536945814	3.4727272727272727	3.7093791281373845
3.689986282578875	3.3516949152542375	3.8519269776876266
4.098039215686274	4.166666666666667	4.0
4.143884892086331	3.909090909090909	4.252631578947368
3.6486486486486487	4.125	3.5172413793103448
3.3636363636363638	3.5972222222222223	3.2760416666666665
4.606060606060606	4.76	4.125
4.052109181141439	4.141129032258065	3.9096774193548387
4.341389728096677	4.327160493827161	4.355029585798817
3.7	3.6470588235294117	4.0
3.2016806722689077	3.1534653465346536	3.264516129032258
3.6334841628959276	3.611111111111111	3.6838235294117645
4.536764705882353	4.540322580645161	4.5
3.106382978723404	3.0941176470588236	3.2222222222222223
4.306930693069307	4.352631578947369	3.5833333333333335
2.984126984126984	2.828	3.5846153846153848
4.147058823529412	4.132203389830509	4.545454545454546
3.7936507936507935	3.8043478260869565	3.764705882352941
3.103646833013436	3.2014563106796117	2.7339449541284404
4.09748427672956	4.192592592592592	3.5625
3.915492957746479	4.048387096774194	3.0
3.94392523364486	3.9368421052631577	4.0
3.6858974358974357	3.577777777777778	3.72972972972973
3.072463768115942	2.826972010178117	3.2942528735632184
3.747826086956522	3.6857142857142855	3.775
3.5531914893617023	3.563265306122449	3.4864864864864864
4.36964980544747	3.3333333333333335	4.381889763779528
3.5251141552511416	3.5396825396825395	3.5053763440860215
3.466666666666667	3.588235294117647	3.4491525423728815
4.4896265560165975	4.487179487179487	4.49009900990099
4.16	4.2105263157894735	4.148148148148148
3.3877551020408165	3.3956043956043955	3.3842364532019706
3.871794871794872	4.0	3.4
3.8097560975609754	3.810945273631841	3.75
3.702970297029703	3.44	3.789473684210526
2.708588957055215	2.707936507936508	2.727272727272727
4.102941176470588	4.0227272727272725	4.25
4.186440677966102	4.165697674418604	4.9
4.137254901960785	4.163265306122449	3.5
4.379310344827586	3.3333333333333335	4.6521739130434785
4.235849056603773	4.142857142857143	4.242424242424242
4.069620253164557	4.078431372549019	3.8
2.50990099009901	2.506234413965087	3.0
3.6	3.8205128205128207	3.3902439024390243
3.7927927927927927	4.142857142857143	3.7422680412371134
3.391044776119403	1.8333333333333333	3.5785953177257523
4.115107913669065	3.9508196721311477	4.243589743589744
4.339449541284404	3.5357142857142856	4.617283950617284
3.4688279301745637	3.0833333333333335	3.657992565055762
4.047058823529412	4.333333333333333	4.041916167664671
3.690909090909091	3.7435897435897436	3.5625
3.9274193548387095	3.7987012987012987	4.138297872340425
3.609848484848485	3.6183574879227054	3.5789473684210527
4.017241379310345	3.962962962962963	4.75
2.942857142857143	2.987138263665595	2.58974358974359
4.170786516853933	4.1671826625387	4.180327868852459
2.7146464646464645	3.0	2.593525179856115
4.195488721804511	4.2265625	3.4
3.612565445026178	3.6216216216216215	3.5813953488372094
3.7423167848699763	3.741007194244604	3.8333333333333335
3.5665236051502145	3.819672131147541	3.4767441860465116
3.614388489208633	3.6983546617915906	3.304054054054054
3.4395604395604398	3.225806451612903	3.4669421487603307
3.8160919540229883	3.3	3.883116883116883
4.09375	4.285714285714286	4.0864864864864865
3.52027027027027	3.1790123456790123	3.6488372093023256
3.81025641025641	3.7378048780487805	4.193548387096774
3.6881720430107525	3.8181818181818183	3.0625
3.7387914230019494	3.758130081300813	3.2857142857142856
3.871559633027523	3.7916666666666665	3.9344262295081966
4.089041095890411	4.125925925925926	3.6363636363636362
3.8627450980392157	4.027027027027027	3.4285714285714284
3.6984126984126986	3.7868852459016393	3.6153846153846154
3.293286219081272	3.299465240641711	3.2475247524752477
3.5594405594405596	3.5179856115107913	5.0
3.634920634920635	3.6923076923076925	3.3636363636363638
3.6098191214470283	3.611111111111111	3.5925925925925926
3.84	3.25	3.9523809523809526
3.283625730994152	3.3333333333333335	3.2827380952380953
3.6339285714285716	3.5714285714285716	3.6359447004608296
3.782258064516129	4.195121951219512	3.5783132530120483
4.218390804597701	4.245398773006135	3.8181818181818183
2.839479392624729	2.950354609929078	2.664804469273743
4.208333333333333	4.195804195804196	4.28
3.7126436781609193	3.6956521739130435	3.923076923076923
3.5955882352941178	3.4705882352941178	3.6134453781512605
3.532608695652174	3.525714285714286	3.6666666666666665
3.433333333333333	3.4273381294964027	3.6
3.742857142857143	3.85	1.6
3.9655172413793105	3.918918918918919	3.9732142857142856
3.146750524109015	3.1368821292775664	3.1588785046728973
2.5062111801242235	2.694267515923567	2.327272727272727
3.570588235294118	3.608695652173913	3.40625
3.4285714285714284	3.9285714285714284	3.1785714285714284
3.2845303867403315	3.2729885057471266	3.5714285714285716
3.7	3.695867768595041	4.2
3.914586070959264	3.769230769230769	3.9171122994652405
3.904	3.6	3.923404255319149
4.525862068965517	4.4	4.552083333333333
4.0423728813559325	4.045454545454546	4.033333333333333
3.481132075471698	3.6818181818181817	2.5
3.264705882352941	3.2896935933147633	3.0816326530612246
3.5076045627376424	3.5217391304347827	3.15
3.5121951219512195	3.546511627906977	3.4975124378109452
3.7943262411347516	3.797979797979798	3.7857142857142856
2.883720930232558	2.8609271523178808	2.9375
4.302816901408451	4.069767441860465	4.404040404040404
4.0625	4.333333333333333	4.0
3.883720930232558	4.095238095238095	3.6818181818181817
3.88021778584392	3.83710407239819	3.909090909090909
4.170731707317073	4.216216216216216	3.75
3.919191919191919	4.142857142857143	3.867219917012448
4.339622641509434	4.257142857142857	4.5
3.634920634920635	3.5636363636363635	4.125
4.161764705882353	4.153846153846154	4.1875
3.3896713615023475	3.386904761904762	3.4
3.68	3.652173913043478	4.0
3.4166666666666665	3.24	3.8181818181818183
3.7288135593220337	3.735042735042735	3.0
3.5236593059936907	3.5254777070063694	3.3333333333333335
3.3506493506493507	3.2181818181818183	3.6818181818181817
4.097560975609756	3.6666666666666665	4.119658119658119
3.9009287925696596	3.9696969696969697	3.593220338983051
3.761904761904762	3.83974358974359	3.393939393939394
3.40625	3.4237288135593222	3.2
3.918918918918919	3.926056338028169	3.75
4.033613445378151	4.085714285714285	3.888888888888889
3.9324009324009324	3.929742388758782	4.5
3.5833333333333335	3.5280898876404496	3.8421052631578947
2.75	2.895348837209302	2.125
3.0782747603833864	3.08562197092084	2.4285714285714284
3.182857142857143	3.108045977011494	3.5444444444444443
3.5	3.492063492063492	4.0
3.232786885245902	3.3220338983050848	3.176470588235294
3.7861635220125787	3.6818181818181817	3.802919708029197
4.082959641255606	4.15	4.0683060109289615
4.049382716049383	4.23943661971831	3.901098901098901
4.5369127516778525	4.4375	4.584158415841584
3.7464788732394365	3.6202531645569622	3.9047619047619047
3.7928251121076233	3.934328358208955	3.732051282051282
3.4030612244897958	3.458715596330275	3.3333333333333335
4.086956521739131	4.111111111111111	4.0625
3.3701298701298703	3.401639344262295	3.25
3.856287425149701	3.8653846153846154	3.8412698412698414
3.3626373626373627	3.375	3.0
3.8656716417910446	3.82	4.0
3.869565217391304	3.6	3.902439024390244
3.419457735247209	3.551526717557252	2.7475728155339807
4.021299254526092	4.029312288613303	3.8846153846153846
3.9640883977900554	3.9886363636363638	3.1
3.696774193548387	3.736654804270463	3.310344827586207
2.7782608695652176	2.7990867579908674	2.7717546362339514
3.001503759398496	2.8876404494382024	3.132686084142395
3.613107822410148	3.504201680672269	3.723404255319149
3.1270125223613596	2.7426470588235294	3.2505910165484635
3.8412698412698414	3.7790697674418605	3.975
3.505586592178771	2.6582278481012658	3.7455197132616487
3.6142857142857143	3.816666666666667	3.4625
3.127450980392157	3.264705882352941	2.8529411764705883
3.53125	3.7066666666666666	2.9047619047619047
2.7481259370314843	2.8518518518518516	2.6501457725947524
3.957983193277311	4.160714285714286	3.7777777777777777
3.5371900826446283	3.5213675213675213	3.552
3.740740740740741	3.4	3.8181818181818183
4.261971830985916	4.234920634920635	4.475
3.6391752577319587	3.8780487804878048	3.4642857142857144
3.578723404255319	3.5707964601769913	3.7777777777777777
3.3795620437956204	3.3057851239669422	3.9375
4.187192118226601	4.231958762886598	3.2222222222222223
3.7203947368421053	3.723012552301255	3.5714285714285716
2.95221027479092	3.11875	2.7282913165266107
3.7672413793103448	3.7714285714285714	3.727272727272727
4.204545454545454	4.038461538461538	4.444444444444445
3.217510259917921	3.0805194805194804	3.3699421965317917
2.7321937321937324	2.559241706161137	2.992857142857143
4.156996587030717	4.218253968253968	3.7804878048780486
4.110236220472441	4.2439024390243905	4.046511627906977
4.097643097643098	4.082397003745318	4.233333333333333
4.0120481927710845	4.038216560509555	3.5555555555555554
3.578723404255319	4.0	3.576017130620985
3.7914691943127963	3.7857142857142856	3.7928994082840237
4.3545454545454545	4.39	4.0
3.943217665615142	4.3125	3.9017543859649124
3.5386178861788617	3.869565217391304	3.5223880597014925
4.0	3.8028169014084505	4.125
3.41871921182266	4.0	3.4143920595533497
3.8253968253968256	3.6818181818181817	3.902439024390244
3.799019607843137	3.6184210526315788	3.90625
4.5	4.75	4.478260869565218
2.90625	2.5733333333333333	3.0081632653061225
3.37123745819398	3.3776223776223775	3.230769230769231
3.5027624309392267	3.5083798882681565	3.0
3.51875	3.5163398692810457	3.5714285714285716
3.793103448275862	4.25	3.72
3.295169946332737	3.284064665127021	3.3333333333333335
3.6172506738544477	3.6276923076923078	3.5434782608695654
3.1650485436893203	3.3414043583535107	2.9878345498783454
3.017684887459807	3.755020080321285	2.525469168900804
3.9785714285714286	3.992424242424242	3.75
3.809379727685325	3.7309734513274337	4.270833333333333
4.093877551020408	4.098623853211009	4.055555555555555
3.5233644859813085	3.5213270142180093	3.6666666666666665
3.62	3.5454545454545454	3.764705882352941
3.2611050920910074	3.3145363408521304	2.92
2.977722772277228	2.916201117318436	3.4565217391304346
3.584352078239609	3.5633074935400515	3.9545454545454546
3.7908366533864544	3.8	3.4166666666666665
3.045045045045045	3.060457516339869	2.8703703703703702
3.709342560553633	3.831111111111111	3.28125
3.5751633986928106	3.8556701030927836	3.0892857142857144
2.8399168399168397	2.841386554621849	2.7
4.233766233766234	4.2388059701492535	4.2
3.8596491228070176	4.166666666666667	3.8425925925925926
4.110576923076923	4.127659574468085	3.95
3.392682926829268	3.3715083798882683	3.5384615384615383
3.5359116022099446	3.5480225988700567	3.0
3.5126050420168067	3.5101449275362318	3.5833333333333335
3.864795918367347	3.872340425531915	3.863768115942029
3.976833976833977	3.9344262295081966	3.98989898989899
3.38506588579795	3.4275862068965517	3.37360594795539
3.25	3.0970873786407767	3.5714285714285716
2.9016018306636155	2.818815331010453	3.06
3.3653846153846154	3.0689655172413794	3.48
4.1645021645021645	4.341463414634147	4.126315789473685
3.712871287128713	3.9285714285714284	3.6968085106382977
4.361344537815126	4.520661157024794	4.279661016949152
4.6875	4.7368421052631575	4.285714285714286
3.4545454545454546	3.5058823529411764	3.4065934065934065
3.9478260869565216	3.9494949494949494	3.9375
2.3333333333333335	2.2814465408805034	2.8833333333333333
3.6651162790697676	3.6714285714285713	3.4
3.6831683168316833	3.673469387755102	4.0
2.9582366589327145	2.9954545454545456	2.919431279620853
3.113456464379947	3.2012383900928794	2.607142857142857
3.298342541436464	3.265432098765432	3.5789473684210527
3.4909090909090907	3.4976744186046513	3.2
3.4290657439446366	3.4234875444839856	3.625
3.8564814814814814	3.8297872340425534	3.863905325443787
3.8962264150943398	3.839080459770115	4.157894736842105
3.874251497005988	3.8839009287925697	3.590909090909091
4.068403908794788	4.128301886792453	3.6904761904761907
4.457236842105263	4.449275362318841	4.474226804123711
3.665562913907285	3.6223021582733814	4.166666666666667
3.453020134228188	3.4531516183986373	3.4444444444444446
3.783295711060948	3.7551622418879056	3.875
2.752	4.75	2.6859504132231407
3.3701923076923075	3.6666666666666665	3.3658536585365852
3.823529411764706	3.9245283018867925	3.742424242424242
3.6411960132890364	3.2941176470588234	4.091603053435114
3.793103448275862	3.71875	3.800632911392405
3.3931203931203933	2.75	3.419437340153453
3.372972972972973	3.6666666666666665	3.363128491620112
4.263681592039801	3.3636363636363638	4.315789473684211
2.542372881355932	2.351931330472103	2.7888888888888888
3.359154929577465	3.266990291262136	3.3968253968253967
4.290243902439024	4.095238095238095	4.357377049180328
3.4265927977839334	3.238095238095238	3.45141065830721
3.9047619047619047	3.875	3.9444444444444446
2.6886291179596173	2.9791666666666665	2.488330341113106
4.264	2.8333333333333335	4.336134453781512
3.492957746478873	3.549019607843137	3.35
3.3410041841004183	3.178030303030303	3.542056074766355
2.916323731138546	3.10546875	2.4700460829493087
3.004911591355599	3.0049554013875124	3.0
3.747311827956989	4.142857142857143	3.7318435754189943
3.008515815085158	3.0122549019607843	2.5
3.388235294117647	3.5255102040816326	2.9322033898305087
4.088235294117647	4.033333333333333	4.5
3.3445723684210527	3.3491666666666666	3.0
3.687593423019432	3.7327586206896552	3.393258426966292
3.9571428571428573	3.9444444444444446	4.0
4.248407643312102	4.254019292604502	3.6666666666666665
3.3962264150943398	3.670103092783505	2.967741935483871
3.761006289308176	3.7551020408163267	3.8333333333333335
4.170212765957447	4.218390804597701	3.5714285714285716
3.680894308943089	3.6785714285714284	3.75
2.655115511551155	2.5900383141762453	3.0595238095238093
3.896551724137931	4.666666666666667	3.8076923076923075
3.6153846153846154	3.861111111111111	3.4047619047619047
4.0262582056892775	3.971223021582734	4.050314465408805
3.8482758620689657	3.8404255319148937	4.125
3.483695652173913	3.485294117647059	3.4791666666666665
3.597560975609756	3.585714285714286	3.6666666666666665
3.583081570996979	3.5903225806451613	3.4761904761904763
3.6862745098039214	3.6891191709844557	3.6363636363636362
4.0	4.818181818181818	3.958139534883721
3.9411764705882355	3.8666666666666667	3.981818181818182
3.7906458797327396	3.1	3.806378132118451
3.0997150997150995	2.952830188679245	3.163265306122449
3.1307277628032346	2.7131147540983607	3.2129032258064516
3.7966101694915255	3.7857142857142856	3.8
3.808333333333333	3.9523809523809526	3.7945205479452055
2.886029411764706	2.76890756302521	2.977124183006536
2.912621359223301	2.8947368421052633	2.915129151291513
3.010324483775811	2.870748299319728	3.048964218455744
3.96	4.105263157894737	3.5
3.4990689013035383	4.366666666666666	3.447731755424063
3.467741935483871	3.5303030303030303	3.396551724137931
4.0588235294117645	3.8181818181818183	4.125
3.3175355450236967	3.1530944625407167	3.4115456238361266
3.3542600896860986	3.1875	3.367149758454106
4.2976190476190474	4.5	4.263888888888889
3.405566600397614	3.9625	3.300236406619385
3.8983050847457625	3.888888888888889	3.9285714285714284
3.6074074074074076	3.1666666666666665	3.627906976744186
3.954954954954955	4.0	3.8979591836734695
3.3909774436090228	2.3333333333333335	3.4153846153846152
3.766743648960739	3.4468085106382977	4.012244897959183
4.339285714285714	4.102564102564102	4.410852713178294
3.6103739445114598	3.5476190476190474	3.6531440162271807
4.487421383647798	4.618421052631579	4.446280991735537
3.2853598014888337	3.282115869017632	3.5
3.7564102564102564	3.8257839721254356	3.708433734939759
4.17037037037037	4.236051502145923	3.7567567567567566
3.8596491228070176	3.423076923076923	4.225806451612903
3.5	3.608695652173913	3.4796747967479673
3.5259740259740258	3.5033112582781456	4.666666666666667
4.02	4.102409638554217	3.9456521739130435
3.793388429752066	3.784431137724551	3.8010204081632653
4.088235294117647	4.083333333333333	4.166666666666667
3.42258064516129	3.142857142857143	3.475095785440613
3.5139664804469275	3.5139442231075697	3.514018691588785
3.7806122448979593	3.7746113989637307	4.166666666666667
3.5518582541054453	3.431619786614937	3.6484801247077163
4.017857142857143	4.032258064516129	4.0
4.038461538461538	4.266666666666667	3.727272727272727
4.01038961038961	4.045774647887324	3.910891089108911
3.1450617283950617	3.0585365853658537	3.2941176470588234
4.666666666666667	5.0	4.633333333333334
4.134825014343087	4.2300319488817895	3.8920570264765786
3.1847133757961785	3.0763358778625953	3.730769230769231
4.252631578947368	4.341085271317829	4.17948717948718
4.170731707317073	4.052631578947368	4.2727272727272725
3.8821138211382116	3.975	3.7936507936507935
3.7244897959183674	3.661257606490872	3.8860103626943006
3.278595696489241	3.363817097415507	3.1657894736842107
4.083333333333333	3.8421052631578947	5.0
3.8309859154929575	3.775	3.903225806451613
3.905325443786982	3.6551724137931036	4.036036036036036
3.4809322033898304	3.5433673469387754	3.175
3.5952755905511813	3.4968152866242037	3.8780487804878048
4.166666666666667	4.280373831775701	3.68
3.53781512605042	3.4125	3.7948717948717947
3.6099290780141846	3.75531914893617	3.3191489361702127
4.055384615384615	4.0701754385964914	4.020618556701031
3.4243792325056432	3.4987405541561714	2.782608695652174
4.003448275862069	4.021739130434782	3.642857142857143
3.259259259259259	3.2083333333333335	3.6666666666666665
3.0969044414535665	3.1805555555555554	2.808383233532934
3.814814814814815	3.8118556701030926	3.8309859154929575
3.987577639751553	3.8203125	4.636363636363637
3.9	3.5936395759717317	4.165137614678899
3.197802197802198	3.2095238095238097	3.1818181818181817
3.8836477987421385	3.8333333333333335	3.8846153846153846
3.235546038543897	3.23952738990333	2.0
3.8444444444444446	3.9047619047619047	3.0
3.1635071090047395	3.139130434782609	3.272727272727273
4.176528599605523	4.184553660982949	3.7058823529411766
4.087628865979381	4.085106382978723	4.166666666666667
3.3333333333333335	3.335064935064935	3.3076923076923075
3.727272727272727	3.6991150442477876	3.77027027027027
3.488372093023256	3.417910447761194	3.736842105263158
3.404109589041096	3.4661654135338344	2.769230769230769
3.830508474576271	3.3333333333333335	3.92
3.8017902813299234	3.806201550387597	3.375
4.138888888888889	3.4615384615384617	4.521739130434782
3.8225806451612905	3.8552631578947367	3.676470588235294
3.778	3.463203463203463	4.048327137546468
3.0714285714285716	2.823529411764706	3.102189781021898
4.030612244897959	3.7142857142857144	4.2063492063492065
3.8950617283950617	3.892857142857143	3.8984375
3.0767960363336084	3.0576923076923075	3.078590785907859
3.919047619047619	4.297297297297297	3.838150289017341
2.8379032258064516	3.774436090225564	2.725383920505872
3.3741496598639458	3.375	3.3333333333333335
3.0653753026634383	3.2457142857142856	2.9327731092436973
3.7719298245614037	3.9056603773584904	3.7413793103448274
3.4021164021164023	3.4563758389261743	3.2
3.306451612903226	4.333333333333333	3.1964285714285716
3.851063829787234	4.5	3.675675675675676
3.42798353909465	3.3881278538812785	3.7916666666666665
2.581081081081081	2.5547445255474455	2.909090909090909
3.298095238095238	3.306143001007049	3.1578947368421053
3.3846153846153846	3.365740740740741	4.2
3.589403973509934	3.6704119850187267	2.9714285714285715
3.7303571428571427	3.736842105263158	3.7252396166134187
3.6516690856313496	3.43108504398827	3.867816091954023
3.9197080291970803	3.9036144578313254	3.9444444444444446
4.195652173913044	4.1875	4.214285714285714
3.8286604361370715	4.133333333333334	3.8137254901960786
2.772727272727273	3.0714285714285716	2.6333333333333333
3.252083333333333	3.2333333333333334	3.2533333333333334
3.3733333333333335	3.717391304347826	3.311023622047244
4.0638297872340425	3.9444444444444446	4.137931034482759
3.6307692307692307	3.651821862348178	3.230769230769231
3.5	3.58974358974359	3.4054054054054053
3.0657894736842106	3.2857142857142856	3.0434782608695654
3.890873015873016	3.8085106382978724	4.320987654320987
3.21875	3.8333333333333335	3.1948051948051948
3.2756756756756755	3.2704918032786887	3.75
3.5472972972972974	3.5602836879432624	3.2857142857142856
4.288461538461538	4.027777777777778	4.875
4.174603174603175	4.195121951219512	3.3333333333333335
3.4871220604703246	3.524234693877551	3.220183486238532
4.0625	4.119402985074627	3.769230769230769
3.8858447488584473	3.910377358490566	3.142857142857143
4.0	3.4	4.111111111111111
3.8181818181818183	4.2894736842105265	3.7389380530973453
4.094736842105263	4.4	4.0777777777777775
3.795795795795796	3.859375	3.7806691449814127
4.2272727272727275	4.333333333333333	4.153846153846154
3.739130434782609	3.45	3.7582781456953644
3.5471938775510203	3.581176470588235	3.5069637883008355
3.1242603550295858	1.5	3.1636363636363636
3.75	4.0285714285714285	3.435483870967742
4.20945945945946	4.201438848920863	4.333333333333333
3.3209876543209877	3.456140350877193	3.0
3.9776785714285716	4.090909090909091	3.9183673469387754
3.8448275862068964	3.858288770053476	3.6875
3.7818181818181817	3.7567567567567566	3.8333333333333335
3.489971346704871	3.526315789473684	3.451038575667656
3.6963503649635037	3.8424242424242423	3.5605633802816903
3.8846153846153846	4.3076923076923075	3.8241758241758244
3.3270440251572326	3.5987654320987654	3.0448717948717947
4.21763085399449	4.260869565217392	3.8780487804878048
4.0	4.0	4.0
3.5714285714285716	3.5	3.8461538461538463
3.6693548387096775	3.1666666666666665	3.6818181818181817
4.154639175257732	3.6666666666666665	4.204545454545454
3.877551020408163	3.9285714285714284	3.5714285714285716
3.9473684210526314	3.9	4.0
4.125	4.8	4.0285714285714285
4.052434456928839	4.475409836065574	3.9271844660194173
3.7582846003898633	3.814207650273224	3.727272727272727
4.283505154639175	4.453125	4.2
3.9767441860465116	4.294117647058823	3.769230769230769
4.018450184501845	4.016064257028113	4.045454545454546
3.4814814814814814	3.4921259842519685	3.3125
3.394179894179894	3.2857142857142856	3.4005602240896358
3.176	3.2369668246445498	2.8461538461538463
4.294117647058823	4.243243243243243	4.428571428571429
4.068965517241379	4.116504854368932	3.6923076923076925
3.7413793103448274	4.142857142857143	3.6862745098039214
4.73469387755102	4.773109243697479	4.675324675324675
4.0703125	4.076666666666667	3.975
3.7142857142857144	3.8846153846153846	3.2222222222222223
3.2747603833865813	3.352288488210818	3.018348623853211
4.1826923076923075	4.155555555555556	4.357142857142857
4.405405405405405	4.401869158878505	4.5
4.223118279569892	4.214007782101167	4.243478260869566
3.3382978723404255	3.303030303030303	3.4214285714285713
3.780185758513932	3.911392405063291	3.6545454545454548
3.5350877192982457	3.509259259259259	4.0
3.6285714285714286	3.608695652173913	3.72
3.476923076923077	2.9210526315789473	4.2592592592592595
3.641304347826087	3.6551724137931036	3.4
4.0	3.7142857142857144	4.294117647058823
4.04424778761062	3.0384615384615383	4.344827586206897
3.8426395939086295	3.8555555555555556	3.7058823529411766
3.8215434083601285	3.814876033057851	4.0588235294117645
3.7094972067039107	3.6832298136645965	3.9444444444444446
3.3263157894736843	3.31140350877193	3.3859649122807016
3.93	3.6666666666666665	4.0131578947368425
3.884020618556701	3.7093023255813953	4.230769230769231
4.132352941176471	3.8285714285714287	4.454545454545454
4.167364016736402	4.145631067961165	4.303030303030303
3.382716049382716	3.3896103896103895	3.25
3.4219269102990033	3.524793388429752	3.0
3.622516556291391	3.6828358208955225	3.1470588235294117
4.121495327102804	4.146596858638744	3.9130434782608696
3.7126436781609193	3.727810650887574	3.2
3.5654008438818567	3.552752293577982	3.710526315789474
3.717948717948718	3.7133550488599347	4.0
3.185483870967742	3.1802168021680215	3.8333333333333335
3.425720620842572	3.4377880184331797	3.1176470588235294
3.2768361581920904	3.2705882352941176	3.4285714285714284
3.834101382488479	3.6875	3.845771144278607
3.9326923076923075	3.9591836734693877	3.5
3.857142857142857	3.8666666666666667	3.8333333333333335
4.274074074074074	4.2578125	4.571428571428571
4.097777777777778	3.891304347826087	4.150837988826815
3.4113207547169813	3.3968253968253967	3.6923076923076925
4.167464114832536	4.19	3.6666666666666665
3.92128801431127	3.917279411764706	4.066666666666666
4.008097165991903	4.004424778761062	4.0476190476190474
3.3220338983050848	3.23	3.4415584415584415
3.761467889908257	3.814814814814815	3.607142857142857
3.3675675675675674	3.3037974683544302	3.740740740740741
3.341666666666667	3.404255319148936	3.3013698630136985
2.85812356979405	2.906474820143885	2.7735849056603774
3.9574468085106385	3.7866666666666666	4.151515151515151
3.9714285714285715	4.222222222222222	3.9195402298850577
3.638095238095238	4.08955223880597	3.4265734265734267
3.472826086956522	3.3923076923076922	3.6666666666666665
4.087591240875913	4.185185185185185	4.0636363636363635
3.6497695852534564	3.75	3.64070351758794
3.523510971786834	2.888888888888889	3.541935483870968
4.046875	3.9302325581395348	4.080536912751678
3.988235294117647	4.03125	3.857142857142857
3.8225108225108224	3.5	3.8401826484018264
3.3384615384615386	3.4360086767895877	3.161417322834646
4.0	4.5	3.7636363636363637
3.849557522123894	3.9565217391304346	3.6818181818181817
4.070707070707071	3.8421052631578947	4.125
3.6830188679245284	3.4166666666666665	3.7419354838709675
4.76	4.571428571428571	4.833333333333333
3.5471311475409837	3.07	3.670103092783505
3.433639947437582	3.233009708737864	3.5081081081081082
3.5919811320754715	3.4375	3.6714285714285713
3.7672413793103448	3.7729257641921397	3.3333333333333335
3.557894736842105	3.7083333333333335	3.4484848484848483
3.968944099378882	4.023255813953488	3.9066666666666667
3.5135135135135136	3.609302325581395	3.259259259259259
3.909090909090909	3.6	3.9642857142857144
4.15	4.157107231920199	4.0
3.75	4.508771929824562	3.574898785425101
4.056338028169014	3.8333333333333335	4.170212765957447
3.4440298507462686	3.4220532319391634	4.6
3.992481203007519	4.0	3.9411764705882355
4.180539273153576	4.218134034165572	3.869565217391304
4.340983606557377	4.384615384615385	4.3138297872340425
3.7404580152671754	3.8105263157894735	3.5555555555555554
3.63375	3.6418181818181816	3.616
3.7651006711409396	3.937984496124031	2.65
3.142857142857143	2.8333333333333335	3.2666666666666666
3.05	3.0689655172413794	2.5
3.964788732394366	3.9921875	3.7142857142857144
3.863157894736842	3.6	3.8777777777777778
4.344827586206897	3.375	4.5
4.129310344827586	3.8958333333333335	4.294117647058823
3.3994638069705094	3.611940298507463	3.280334728033473
4.21875	4.252918287937743	4.079365079365079
4.188888888888889	4.163934426229508	4.241379310344827
3.8970588235294117	3.7333333333333334	3.925287356321839
4.25	4.323529411764706	4.219512195121951
4.086666666666667	3.9056603773584904	4.185567010309279
4.1891891891891895	4.339285714285714	3.7222222222222223
3.486842105263158	3.6291079812206575	3.3621399176954734
3.4782608695652173	3.1875	3.5163934426229506
3.9393939393939394	3.727272727272727	4.045454545454546
3.608695652173913	3.888888888888889	3.5405405405405403
3.6470588235294117	3.731818181818182	3.2884615384615383
4.239316239316239	4.315789473684211	4.224489795918367
3.910299003322259	3.9084745762711863	4.0
3.2918149466192173	3.2864864864864867	3.3020833333333335
3.6911764705882355	3.712121212121212	3.6527777777777777
3.351123595505618	3.263157894736842	3.5078125
4.058333333333334	4.068965517241379	3.75
3.9477611940298507	3.975806451612903	3.6
3.8839285714285716	3.8857142857142857	3.857142857142857
3.4680851063829787	3.44	3.5789473684210527
3.088495575221239	3.0660377358490565	3.4285714285714284
3.2633136094674557	3.290909090909091	2.125
3.5328719723183393	3.4545454545454546	3.54296875
4.246153846153846	4.409090909090909	4.162790697674419
4.617449664429531	4.589743589743589	4.71875
3.2981818181818183	3.36144578313253	3.2911051212938007
3.5167464114832536	4.217391304347826	3.3190184049079754
3.7169811320754715	3.8173913043478263	3.4545454545454546
3.8692579505300353	3.7966101694915255	3.9212121212121214
3.642105263157895	3.627906976744186	3.7777777777777777
3.366883116883117	3.363036303630363	3.6
3.508591065292096	3.5244755244755246	2.6
4.209219858156028	4.085858585858586	4.5
3.4705882352941178	3.445414847161572	4.111111111111111
3.8740740740740742	3.946341463414634	3.646153846153846
3.8652777777777776	3.857142857142857	4.3076923076923075
3.892156862745098	3.8048780487804876	4.25
4.130514705882353	4.118951612903226	4.25
3.5530393325387366	3.5889212827988337	3.392156862745098
4.638888888888889	4.8	4.4375
3.6187845303867405	4.214285714285714	3.4388489208633093
3.7019607843137257	3.7943037974683542	3.551546391752577
2.6852010265183917	2.69019248395967	2.6153846153846154
3.925373134328358	3.9206349206349205	4.0
3.813664596273292	3.789855072463768	3.9565217391304346
3.5471956224350207	3.5482093663911844	3.4
3.3616018845700824	3.4126126126126124	3.2653061224489797
3.603448275862069	3.548780487804878	3.735294117647059
2.8333333333333335	2.45	4.75
3.8597122302158273	3.8247011952191237	4.185185185185185
4.181818181818182	4.150485436893204	4.642857142857143
3.737142857142857	3.798816568047337	2.0
3.8074074074074074	3.7555555555555555	3.8333333333333335
3.435810810810811	2.75	3.475
3.979381443298969	4.461538461538462	3.9047619047619047
2.990344827586207	2.7225806451612904	3.1903614457831324
3.6538461538461537	3.6	3.661764705882353
3.795918367346939	3.8181818181818183	3.6774193548387095
4.132832080200501	4.1546666666666665	3.7916666666666665
3.3618233618233617	3.383177570093458	3.3284671532846715
3.4361370716510904	3.389655172413793	3.870967741935484
3.3028169014084505	3.3003663003663	3.3636363636363638
3.578034682080925	3.576923076923077	3.588235294117647
3.686224489795918	3.748936170212766	3.5923566878980893
3.951923076923077	3.962962962962963	3.9130434782608696
2.8990536277602525	2.980392156862745	2.564516129032258
4.045092838196286	4.081005586592179	3.3684210526315788
4.430379746835443	4.551020408163265	4.233333333333333
3.4150197628458496	3.4159663865546217	3.4
2.9526315789473685	2.8203389830508474	3.411764705882353
3.3403141361256545	3.3327433628318586	3.875
3.888888888888889	3.8846153846153846	3.8947368421052633
3.84070796460177	3.809090909090909	5.0
3.9096385542168677	3.8863636363636362	3.9358974358974357
3.8865384615384615	4.2976190476190474	3.8073394495412844
3.7464788732394365	3.642857142857143	3.7719298245614037
3.0199386503067487	3.013392857142857	3.0233644859813085
4.184615384615385	3.6923076923076925	4.3076923076923075
2.910094637223975	2.991304347826087	2.6954022988505746
3.8793103448275863	3.9069767441860463	3.8
3.752083333333333	3.8013468013468015	3.6721311475409837
3.592375366568915	3.5681818181818183	3.6076555023923444
3.574468085106383	3.6666666666666665	3.5428571428571427
3.647709320695103	3.5021459227467813	3.7325
3.673076923076923	4.105263157894737	3.5764705882352943
3.1149635036496353	3.0	3.207920792079208
4.2105263157894735	3.6153846153846154	4.254237288135593
2.445344129554656	1.8461538461538463	2.4786324786324787
3.874015748031496	3.884297520661157	3.6666666666666665
3.4132231404958677	3.3969849246231156	3.488372093023256
3.8543046357615895	4.104575163398692	3.597315436241611
3.893103448275862	3.902097902097902	3.25
3.871670702179177	3.897905759162304	3.5483870967741935
3.7551020408163267	3.582089552238806	4.545454545454546
3.6363636363636362	4.076923076923077	3.35
4.35	4.350318471337579	4.333333333333333
4.084615384615384	4.101851851851852	4.0
3.9135338345864663	3.91044776119403	3.9166666666666665
3.5196850393700787	3.5074626865671643	3.533333333333333
3.004076086956522	3.241596638655462	2.5692307692307694
3.805256869772999	3.8039457459926016	3.8461538461538463
3.0251572327044025	3.0318906605922553	2.9473684210526314
4.38728323699422	4.442953020134228	4.041666666666667
4.2091254752851714	4.161616161616162	4.237804878048781
3.5833333333333335	3.7	3.0
3.1580188679245285	3.2292225201072386	2.6372549019607843
3.9347826086956523	4.027027027027027	3.5555555555555554
3.206303724928367	2.987012987012987	3.3338368580060425
3.9726027397260273	4.25	3.9565217391304346
4.274074074074074	4.327586206896552	4.259433962264151
3.6710526315789473	3.8	3.6666666666666665
2.9012738853503186	2.688073394495413	3.0146341463414634
3.9035087719298245	3.632911392405063	4.046979865771812
3.8322147651006713	3.839080459770115	3.8225806451612905
3.9452054794520546	3.857142857142857	4.125
3.951219512195122	3.889502762430939	4.056603773584905
3.8071672354948807	3.815693430656934	3.6842105263157894
3.548780487804878	3.4457831325301207	3.7625
3.7335526315789473	3.818359375	3.28125
3.7295081967213113	4.411764705882353	3.465909090909091
3.627049180327869	3.6155606407322654	3.7254901960784315
3.8739495798319328	3.8207547169811322	4.3076923076923075
3.7447916666666665	3.760233918128655	3.619047619047619
3.4356435643564356	3.472826086956522	3.0555555555555554
4.233333333333333	4.285714285714286	4.1875
4.125	4.196531791907514	3.6666666666666665
3.541176470588235	3.5945945945945947	3.1818181818181817
3.8863636363636362	3.925324675324675	3.7954545454545454
4.037037037037037	4.25	4.02
3.6265356265356266	3.629722921914358	3.5
3.546218487394958	3.704225352112676	3.3125
3.625	3.585858585858586	3.6666666666666665
3.2152466367713006	3.2037037037037037	3.5714285714285716
3.664756446991404	3.4559585492227978	3.923076923076923
3.8636363636363638	3.719298245614035	4.275
3.4410876132930515	3.858108108108108	3.1038251366120218
3.7013574660633486	3.9763779527559056	3.5904761904761906
2.7006060606060607	2.661082474226804	3.326530612244898
3.591265397536394	3.718995290423862	3.2734375
3.873015873015873	3.9655172413793105	2.8
4.033898305084746	4.087912087912088	3.8518518518518516
3.6778688524590164	3.6848281642917016	3.3703703703703702
3.8251121076233185	3.802752293577982	4.8
4.161290322580645	3.2222222222222223	4.545454545454546
3.4365853658536585	3.9714285714285715	3.2524590163934426
3.8987341772151898	4.046153846153846	3.2142857142857144
3.770053475935829	3.783333333333333	3.4285714285714284
3.5789473684210527	3.652173913043478	3.547169811320755
3.9743589743589745	4.0344827586206895	3.8
4.17	4.197368421052632	4.083333333333333
3.3688212927756656	3.4539007092198584	3.2704918032786887
3.5451505016722407	3.6137184115523464	2.6818181818181817
3.8333333333333335	3.8359375	3.8
3.2085561497326203	3.156390977443609	3.6265060240963853
3.2708757637474544	3.2669404517453797	3.75
3.9193548387096775	3.925	3.75
4.121359223300971	4.061068702290076	4.226666666666667
3.9304347826086956	3.8526315789473684	4.3
3.8285714285714287	3.7586206896551726	4.166666666666667
4.231155778894473	4.222222222222222	4.545454545454546
3.4972375690607733	3.5042735042735043	3.484375
3.358361774744027	3.340659340659341	3.366336633663366
3.518828451882845	3.3859649122807016	3.5604395604395602
3.875	4.615384615384615	3.7777777777777777
3.5294117647058822	2.942857142857143	3.664473684210526
3.77959927140255	3.0632911392405062	3.9
3.4047619047619047	3.452054794520548	3.339622641509434
4.098039215686274	4.0	4.108695652173913
3.1979949874686717	3.1834625322997416	3.6666666666666665
3.727272727272727	3.4444444444444446	3.8333333333333335
3.588235294117647	3.573170731707317	4.0
3.2721518987341773	3.0	3.281045751633987
3.594017094017094	3.6435643564356437	3.28125
4.071641791044776	3.693877551020408	4.136363636363637
4.106299212598425	4.197183098591549	4.0710382513661205
3.161290322580645	3.2222222222222223	3.1142857142857143
3.5777126099706744	3.411764705882353	4.231884057971015
